date,product_code,product_name,risk_level,term,nav
2026-02-25,QTCG09001D,平安理财启元添利（90天持有）1号固收类理财产品D,3,最短持有90天,1.0759
2026-02-25,LWCG02801F,平安理财灵活成长汇稳28天持有固收类理财产品F,3,最短持有28天,1.0551
2026-02-25,LWCG01401G,平安理财灵活成长汇稳日开14天持有1号固收类理财产品G,3,最短持有14天,1.0432
2026-02-25,FLJZQC3001,法巴农银理财珐琅金固收增强30天最短持有期1号理财产品,3,最短持有30天,1.034812
2026-02-25,ZNZQCY050,汇华理财趋势指南一个月最短持有固收类理财产品050期,4,最短持有30天,1.0112
2026-02-26,LCYSRK16C,渤银理财理财有术系列晨夕盈16 号固收日开理财产品,3,长期,1.012417
2026-02-26,TC3X00100N,平安理财-天天成长3号现金管理类人民币净值型理财产品N,2,长期,1.0
2026-02-26,QTCG03002E,平安理财启元添利（30天持有）2号固收类理财产品E,3,最短持有30天,1.053
2026-02-26,LCYSRK18A,渤银理财理财有术系列晨夕盈18 号固收日开理财产品,3,长期,1.017563
2026-02-26,LWCG00702B,平安理财灵活成长汇稳日开7天持有2号固收类理财产品B,3,最短持有7天,1.0315
2026-02-26,FLJZQC3001,法巴农银理财珐琅金固收增强30天最短持有期1号理财产品,3,最短持有30天,1.035399
2026-02-26,LWCG02801F,平安理财灵活成长汇稳28天持有固收类理财产品F,3,最短持有28天,1.0551
2026-02-26,LWCG01401G,平安理财灵活成长汇稳日开14天持有1号固收类理财产品G,3,最短持有14天,1.0432
2026-02-26,ZNZQCY050,汇华理财趋势指南一个月最短持有固收类理财产品050期,4,最短持有30天,1.011
2026-02-26,QTCG09001D,平安理财启元添利（90天持有）1号固收类理财产品D,3,最短持有90天,1.0754
2026-02-27,LCYSRK16C,渤银理财理财有术系列晨夕盈16 号固收日开理财产品,3,长期,1.012462
2026-02-27,FLJZQC3001,法巴农银理财珐琅金固收增强30天最短持有期1号理财产品,3,最短持有30天,1.035021
2026-02-27,LWCG01401G,平安理财灵活成长汇稳日开14天持有1号固收类理财产品G,3,最短持有14天,1.0433
2026-02-27,QTCG09001D,平安理财启元添利（90天持有）1号固收类理财产品D,3,最短持有90天,1.0755
2026-02-27,LWCG00702B,平安理财灵活成长汇稳日开7天持有2号固收类理财产品B,3,最短持有7天,1.0315
2026-02-27,LWCG02801F,平安理财灵活成长汇稳28天持有固收类理财产品F,3,最短持有28天,1.0552
2026-02-27,LCYSRK18A,渤银理财理财有术系列晨夕盈18 号固收日开理财产品,3,长期,1.017606
2026-02-27,QTCG03002E,平安理财启元添利（30天持有）2号固收类理财产品E,3,最短持有30天,1.0531
2026-02-27,ZNZQCY050,汇华理财趋势指南一个月最短持有固收类理财产品050期,4,最短持有30天,1.0115
2026-03-01,TC3X00100N,平安理财-天天成长3号现金管理类人民币净值型理财产品N,2,长期,1.0
2026-03-02,QTCG03002E,平安理财启元添利（30天持有）2号固收类理财产品E,3,最短持有30天,1.0533
2026-03-02,TC3X00100N,平安理财-天天成长3号现金管理类人民币净值型理财产品N,2,长期,1.0
2026-03-02,LWCG00702B,平安理财灵活成长汇稳日开7天持有2号固收类理财产品B,3,最短持有7天,1.0317
2026-03-02,LCYSRK18A,渤银理财理财有术系列晨夕盈18 号固收日开理财产品,3,长期,1.017747
2026-03-02,LCYSRK16C,渤银理财理财有术系列晨夕盈16 号固收日开理财产品,3,长期,1.012604
2026-03-02,LWCG02801F,平安理财灵活成长汇稳28天持有固收类理财产品F,3,最短持有28天,1.0555
2026-03-02,QTCG09001D,平安理财启元添利（90天持有）1号固收类理财产品D,3,最短持有90天,1.0758
2026-03-02,ZNZQCY050,汇华理财趋势指南一个月最短持有固收类理财产品050期,4,最短持有30天,1.0122
2026-03-02,FLJZQC3001,法巴农银理财珐琅金固收增强30天最短持有期1号理财产品,3,最短持有30天,1.035138
2026-03-02,LWCG01401G,平安理财灵活成长汇稳日开14天持有1号固收类理财产品G,3,最短持有14天,1.0435
2026-03-03,FLJZQC3001,法巴农银理财珐琅金固收增强30天最短持有期1号理财产品,3,最短持有30天,1.033522
2026-03-03,LWCG01401G,平安理财灵活成长汇稳日开14天持有1号固收类理财产品G,3,最短持有14天,1.0434
2026-03-03,ZNZQCY050,汇华理财趋势指南一个月最短持有固收类理财产品050期,4,最短持有30天,1.0111
2026-03-03,LWCG02801F,平安理财灵活成长汇稳28天持有固收类理财产品F,3,最短持有28天,1.0554
2026-03-03,QTCG09001D,平安理财启元添利（90天持有）1号固收类理财产品D,3,最短持有90天,1.0755
2026-03-03,QTCG03002E,平安理财启元添利（30天持有）2号固收类理财产品E,3,最短持有30天,1.0534
2026-03-03,LCYSRK18A,渤银理财理财有术系列晨夕盈18 号固收日开理财产品,3,长期,1.017802
2026-03-03,TC3X00100N,平安理财-天天成长3号现金管理类人民币净值型理财产品N,2,长期,1.0
2026-03-03,LCYSRK16C,渤银理财理财有术系列晨夕盈16 号固收日开理财产品,3,长期,1.012669
2026-03-03,LWCG00702B,平安理财灵活成长汇稳日开7天持有2号固收类理财产品B,3,最短持有7天,1.0318
2026-03-04,QTCG03002E,平安理财启元添利（30天持有）2号固收类理财产品E,3,最短持有30天,1.0535
2026-03-04,TC3X00100N,平安理财-天天成长3号现金管理类人民币净值型理财产品N,2,长期,1.0
2026-03-04,LCYSRK18A,渤银理财理财有术系列晨夕盈18 号固收日开理财产品,3,长期,1.017838
2026-03-04,LWCG00702B,平安理财灵活成长汇稳日开7天持有2号固收类理财产品B,3,最短持有7天,1.0318
2026-03-04,LCYSRK16C,渤银理财理财有术系列晨夕盈16 号固收日开理财产品,3,长期,1.012698
2026-03-04,LWCG01401G,平安理财灵活成长汇稳日开14天持有1号固收类理财产品G,3,最短持有14天,1.0436
2026-03-04,LWCG02801F,平安理财灵活成长汇稳28天持有固收类理财产品F,3,最短持有28天,1.0555
2026-03-04,QTCG09001D,平安理财启元添利（90天持有）1号固收类理财产品D,3,最短持有90天,1.0756
2026-03-04,ZNZQCY050,汇华理财趋势指南一个月最短持有固收类理财产品050期,4,最短持有30天,1.0089
2026-03-04,FLJZQC3001,法巴农银理财珐琅金固收增强30天最短持有期1号理财产品,3,最短持有30天,1.03094
2026-03-05,ZNZQCY050,汇华理财趋势指南一个月最短持有固收类理财产品050期,4,最短持有30天,1.0101
2026-03-05,TC3X00100N,平安理财-天天成长3号现金管理类人民币净值型理财产品N,2,长期,1.0
2026-03-05,LWCG00702B,平安理财灵活成长汇稳日开7天持有2号固收类理财产品B,3,最短持有7天,1.0319
2026-03-05,QTCG03002E,平安理财启元添利（30天持有）2号固收类理财产品E,3,最短持有30天,1.0536
2026-03-05,LCYSRK16C,渤银理财理财有术系列晨夕盈16 号固收日开理财产品,3,长期,1.012745
2026-03-05,LWCG02801F,平安理财灵活成长汇稳28天持有固收类理财产品F,3,最短持有28天,1.0555
2026-03-05,LCYSRK18A,渤银理财理财有术系列晨夕盈18 号固收日开理财产品,3,长期,1.01788
2026-03-05,LWCG01401G,平安理财灵活成长汇稳日开14天持有1号固收类理财产品G,3,最短持有14天,1.0435
2026-03-05,QTCG09001D,平安理财启元添利（90天持有）1号固收类理财产品D,3,最短持有90天,1.0757
2026-03-05,FLJZQC3001,法巴农银理财珐琅金固收增强30天最短持有期1号理财产品,3,最短持有30天,1.032273
2026-03-06,LWCG00702B,平安理财灵活成长汇稳日开7天持有2号固收类理财产品B,3,最短持有7天,1.0319
2026-03-06,LWCG01401G,平安理财灵活成长汇稳日开14天持有1号固收类理财产品G,3,最短持有14天,1.0435
2026-03-06,LCYSRK16C,渤银理财理财有术系列晨夕盈16 号固收日开理财产品,3,长期,1.012804
2026-03-06,QTCG03002E,平安理财启元添利（30天持有）2号固收类理财产品E,3,最短持有30天,1.0537
2026-03-06,LCYSRK18A,渤银理财理财有术系列晨夕盈18 号固收日开理财产品,3,长期,1.017936
2026-03-06,ZNZQCY050,汇华理财趋势指南一个月最短持有固收类理财产品050期,4,最短持有30天,1.0085
2026-03-06,LWCG02801F,平安理财灵活成长汇稳28天持有固收类理财产品F,3,最短持有28天,1.0555
2026-03-06,FLJZQC3001,法巴农银理财珐琅金固收增强30天最短持有期1号理财产品,3,最短持有30天,1.031048
2026-03-06,QTCG09001D,平安理财启元添利（90天持有）1号固收类理财产品D,3,最短持有90天,1.0759
2026-03-08,TC3X00100N,平安理财-天天成长3号现金管理类人民币净值型理财产品N,2,长期,1.0
2026-03-09,LCYSRK18A,渤银理财理财有术系列晨夕盈18 号固收日开理财产品,3,长期,1.018049
2026-03-09,TC3X00100N,平安理财-天天成长3号现金管理类人民币净值型理财产品N,2,长期,1.0
2026-03-09,PY2HCY010,汇华理财-时间朋友美元六个月持有固收类理财产品010期,3,最短持有180天,1.0
2026-03-09,LWCG01401G,平安理财灵活成长汇稳日开14天持有1号固收类理财产品G,3,最短持有14天,1.0438
2026-03-09,FLJZQC3001,法巴农银理财珐琅金固收增强30天最短持有期1号理财产品,3,最短持有30天,1.030638
2026-03-09,LCYSRK16C,渤银理财理财有术系列晨夕盈16 号固收日开理财产品,3,长期,1.012904
2026-03-09,QTCG03002E,平安理财启元添利（30天持有）2号固收类理财产品E,3,最短持有30天,1.0537
2026-03-09,QTCG09001D,平安理财启元添利（90天持有）1号固收类理财产品D,3,最短持有90天,1.0757
2026-03-09,LWCG02801F,平安理财灵活成长汇稳28天持有固收类理财产品F,3,最短持有28天,1.0557
2026-03-09,ZNZQCY050,汇华理财趋势指南一个月最短持有固收类理财产品050期,4,最短持有30天,1.0075
2026-03-09,LWCG00702B,平安理财灵活成长汇稳日开7天持有2号固收类理财产品B,3,最短持有7天,1.032
2026-03-10,FLJZQC3001,法巴农银理财珐琅金固收增强30天最短持有期1号理财产品,3,最短持有30天,1.029727
2026-03-10,TC3X00100N,平安理财-天天成长3号现金管理类人民币净值型理财产品N,2,长期,1.0
2026-03-10,LWCG02801F,平安理财灵活成长汇稳28天持有固收类理财产品F,3,最短持有28天,1.0556
2026-03-10,QTCG09001D,平安理财启元添利（90天持有）1号固收类理财产品D,3,最短持有90天,1.076
2026-03-10,LWCG01401G,平安理财灵活成长汇稳日开14天持有1号固收类理财产品G,3,最短持有14天,1.0437
2026-03-10,LCYSRK18A,渤银理财理财有术系列晨夕盈18 号固收日开理财产品,3,长期,1.018099
2026-03-10,PY2HCY010,汇华理财-时间朋友美元六个月持有固收类理财产品010期,3,最短持有180天,1.0001
2026-03-10,QTCG03002E,平安理财启元添利（30天持有）2号固收类理财产品E,3,最短持有30天,1.0537
2026-03-10,LCYSRK16C,渤银理财理财有术系列晨夕盈16 号固收日开理财产品,3,长期,1.012938
2026-03-10,ZNZQCY050,汇华理财趋势指南一个月最短持有固收类理财产品050期,4,最短持有30天,1.0064
2026-03-10,LWCG00702B,平安理财灵活成长汇稳日开7天持有2号固收类理财产品B,3,最短持有7天,1.0321
2026-03-11,LWCG01401G,平安理财灵活成长汇稳日开14天持有1号固收类理财产品G,3,最短持有14天,1.0436
2026-03-11,LCYSRK16C,渤银理财理财有术系列晨夕盈16 号固收日开理财产品,3,长期,1.013
2026-03-11,TC3X00100N,平安理财-天天成长3号现金管理类人民币净值型理财产品N,2,长期,1.0
2026-03-11,ZNZQCY050,汇华理财趋势指南一个月最短持有固收类理财产品050期,4,最短持有30天,1.0076
2026-03-11,LWCG02801F,平安理财灵活成长汇稳28天持有固收类理财产品F,3,最短持有28天,1.0556
2026-03-11,FLJZQC3001,法巴农银理财珐琅金固收增强30天最短持有期1号理财产品,3,最短持有30天,1.031762
2026-03-11,LCYSRK18A,渤银理财理财有术系列晨夕盈18 号固收日开理财产品,3,长期,1.018152
2026-03-11,LWCG00702B,平安理财灵活成长汇稳日开7天持有2号固收类理财产品B,3,最短持有7天,1.0321
2026-03-11,QTCG03002E,平安理财启元添利（30天持有）2号固收类理财产品E,3,最短持有30天,1.0538
2026-03-11,PY2HCY010,汇华理财-时间朋友美元六个月持有固收类理财产品010期,3,最短持有180天,1.0002
2026-03-11,QTCG09001D,平安理财启元添利（90天持有）1号固收类理财产品D,3,最短持有90天,1.076
2026-03-12,FLJZQC3001,法巴农银理财珐琅金固收增强30天最短持有期1号理财产品,3,最短持有30天,1.030638
2026-03-12,QTCG03002E,平安理财启元添利（30天持有）2号固收类理财产品E,3,最短持有30天,1.0539
2026-03-12,TC3X00100N,平安理财-天天成长3号现金管理类人民币净值型理财产品N,2,长期,1.0
2026-03-12,PY2HCY010,汇华理财-时间朋友美元六个月持有固收类理财产品010期,3,最短持有180天,1.0003
2026-03-12,LWCG01401G,平安理财灵活成长汇稳日开14天持有1号固收类理财产品G,3,最短持有14天,1.0437
2026-03-12,LCYSRK18A,渤银理财理财有术系列晨夕盈18 号固收日开理财产品,3,长期,1.018198
2026-03-12,LCYSRK16C,渤银理财理财有术系列晨夕盈16 号固收日开理财产品,3,长期,1.013051
2026-03-12,LWCG00702B,平安理财灵活成长汇稳日开7天持有2号固收类理财产品B,3,最短持有7天,1.0321
2026-03-12,ZNZQCY050,汇华理财趋势指南一个月最短持有固收类理财产品050期,4,最短持有30天,1.0066
2026-03-12,QTCG09001D,平安理财启元添利（90天持有）1号固收类理财产品D,3,最短持有90天,1.0759
2026-03-12,LWCG02801F,平安理财灵活成长汇稳28天持有固收类理财产品F,3,最短持有28天,1.0557
2026-03-13,LWCG02801F,平安理财灵活成长汇稳28天持有固收类理财产品F,3,最短持有28天,1.0558
2026-03-13,ZNZQCY050,汇华理财趋势指南一个月最短持有固收类理财产品050期,4,最短持有30天,1.006
2026-03-13,FLJZQC3001,法巴农银理财珐琅金固收增强30天最短持有期1号理财产品,3,最短持有30天,1.029698
2026-03-13,QTCG09001D,平安理财启元添利（90天持有）1号固收类理财产品D,3,最短持有90天,1.0759
2026-03-13,LWCG01401G,平安理财灵活成长汇稳日开14天持有1号固收类理财产品G,3,最短持有14天,1.0439
2026-03-13,LCYSRK16C,渤银理财理财有术系列晨夕盈16 号固收日开理财产品,3,长期,1.013105
2026-03-13,QTCG03002E,平安理财启元添利（30天持有）2号固收类理财产品E,3,最短持有30天,1.0539
2026-03-13,LWCG00702B,平安理财灵活成长汇稳日开7天持有2号固收类理财产品B,3,最短持有7天,1.0321
2026-03-13,PY2HCY010,汇华理财-时间朋友美元六个月持有固收类理财产品010期,3,最短持有180天,1.0004
2026-03-13,LCYSRK18A,渤银理财理财有术系列晨夕盈18 号固收日开理财产品,3,长期,1.018251
2026-03-15,TC3X00100N,平安理财-天天成长3号现金管理类人民币净值型理财产品N,2,长期,1.0
2026-03-16,LWCG00702B,平安理财灵活成长汇稳日开7天持有2号固收类理财产品B,3,最短持有7天,1.0323
2026-03-16,LWCG02801F,平安理财灵活成长汇稳28天持有固收类理财产品F,3,最短持有28天,1.056
2026-03-16,ZNZQCY050,汇华理财趋势指南一个月最短持有固收类理财产品050期,4,最短持有30天,1.0051
2026-03-16,LCYSRK18A,渤银理财理财有术系列晨夕盈18 号固收日开理财产品,3,长期,1.018368
2026-03-16,QTCG09001D,平安理财启元添利（90天持有）1号固收类理财产品D,3,最短持有90天,1.0758
2026-03-16,TC3X00100N,平安理财-天天成长3号现金管理类人民币净值型理财产品N,2,长期,1.0
2026-03-16,LWCG01401G,平安理财灵活成长汇稳日开14天持有1号固收类理财产品G,3,最短持有14天,1.0441
2026-03-16,PY2HCY010,汇华理财-时间朋友美元六个月持有固收类理财产品010期,3,最短持有180天,1.0006
2026-03-16,QTCG03002E,平安理财启元添利（30天持有）2号固收类理财产品E,3,最短持有30天,1.054
2026-03-16,LCYSRK16C,渤银理财理财有术系列晨夕盈16 号固收日开理财产品,3,长期,1.013222
2026-03-16,FLJZQC3001,法巴农银理财珐琅金固收增强30天最短持有期1号理财产品,3,最短持有30天,1.02885
2026-03-17,LCYSRK18A,渤银理财理财有术系列晨夕盈18 号固收日开理财产品,3,长期,1.018427
2026-03-17,LCYS7CY02A,渤银理财理财有术系列持盈7天最短持有期固收理财产品2号,3,,1.031473
2026-03-17,TC3X00100N,平安理财-天天成长3号现金管理类人民币净值型理财产品N,2,长期,1.0
2026-03-17,PY2HCY010,汇华理财-时间朋友美元六个月持有固收类理财产品010期,3,最短持有180天,1.0007
2026-03-17,QTCG03002E,平安理财启元添利（30天持有）2号固收类理财产品E,3,最短持有30天,1.0541
2026-03-17,FLJZQC3001,法巴农银理财珐琅金固收增强30天最短持有期1号理财产品,3,最短持有30天,1.029301
2026-03-17,LWCG00702B,平安理财灵活成长汇稳日开7天持有2号固收类理财产品B,3,最短持有7天,1.0323
2026-03-17,QTCG09001D,平安理财启元添利（90天持有）1号固收类理财产品D,3,最短持有90天,1.0757
2026-03-17,LWCG01401G,平安理财灵活成长汇稳日开14天持有1号固收类理财产品G,3,最短持有14天,1.0441
2026-03-17,LCYSRK16C,渤银理财理财有术系列晨夕盈16 号固收日开理财产品,3,长期,1.01328
2026-03-17,LWCG02801F,平安理财灵活成长汇稳28天持有固收类理财产品F,3,最短持有28天,1.056
2026-03-18,FLJZQC3001,法巴农银理财珐琅金固收增强30天最短持有期1号理财产品,3,最短持有30天,1.030021
2026-03-18,LCYS7CY02A,渤银理财理财有术系列持盈7天最短持有期固收理财产品2号,3,最短持有7天,1.031528
2026-03-18,LCYSRK18A,渤银理财理财有术系列晨夕盈18 号固收日开理财产品,3,长期,1.018479
2026-03-18,LWCG00702B,平安理财灵活成长汇稳日开7天持有2号固收类理财产品B,3,最短持有7天,1.0324
2026-03-18,QTCG03002E,平安理财启元添利（30天持有）2号固收类理财产品E,3,最短持有30天,1.0542
2026-03-18,PY2HCY010,汇华理财-时间朋友美元六个月持有固收类理财产品010期,3,最短持有180天,1.0008
2026-03-18,QTCG09001D,平安理财启元添利（90天持有）1号固收类理财产品D,3,最短持有90天,1.076
2026-03-18,LWCG01401G,平安理财灵活成长汇稳日开14天持有1号固收类理财产品G,3,最短持有14天,1.0441
2026-03-18,LWCG02801F,平安理财灵活成长汇稳28天持有固收类理财产品F,3,最短持有28天,1.056
2026-03-18,ZNZQCY050,汇华理财趋势指南一个月最短持有固收类理财产品050期,4,最短持有30天,1.0064
2026-03-18,TC3X00100N,平安理财-天天成长3号现金管理类人民币净值型理财产品N,2,长期,1.0
2026-03-18,LCYSRK16C,渤银理财理财有术系列晨夕盈16 号固收日开理财产品,3,长期,1.013351
2026-03-19,FLJZQC3001,法巴农银理财珐琅金固收增强30天最短持有期1号理财产品,3,最短持有30天,1.029372
2026-03-19,ZNZQCY050,汇华理财趋势指南一个月最短持有固收类理财产品050期,4,最短持有30天,1.0056
2026-03-19,LWCG01401G,平安理财灵活成长汇稳日开14天持有1号固收类理财产品G,3,最短持有14天,1.0442
2026-03-19,LCYS7CY02A,渤银理财理财有术系列持盈7天最短持有期固收理财产品2号,3,最短持有7天,1.031598
2026-03-19,LWCG02801F,平安理财灵活成长汇稳28天持有固收类理财产品F,3,最短持有28天,1.0561
2026-03-19,QTCG09001D,平安理财启元添利（90天持有）1号固收类理财产品D,3,最短持有90天,1.076
2026-03-19,PY2HCY010,汇华理财-时间朋友美元六个月持有固收类理财产品010期,3,最短持有180天,1.0009
2026-03-19,LCYSRK16C,渤银理财理财有术系列晨夕盈16 号固收日开理财产品,3,长期,1.013405
2026-03-19,LWCG00702B,平安理财灵活成长汇稳日开7天持有2号固收类理财产品B,3,最短持有7天,1.0324
2026-03-19,LCYSRK18A,渤银理财理财有术系列晨夕盈18 号固收日开理财产品,3,长期,1.018537
2026-03-19,TC3X00100N,平安理财-天天成长3号现金管理类人民币净值型理财产品N,2,长期,1.0
2026-03-19,QTCG03002E,平安理财启元添利（30天持有）2号固收类理财产品E,3,最短持有30天,1.0544
2026-03-20,LWCG00702B,平安理财灵活成长汇稳日开7天持有2号固收类理财产品B,3,最短持有7天,1.0324
2026-03-20,LWCG02801F,平安理财灵活成长汇稳28天持有固收类理财产品F,3,最短持有28天,1.0559
2026-03-20,LCYSRK18A,渤银理财理财有术系列晨夕盈18 号固收日开理财产品,3,长期,1.018578
2026-03-20,LCYS7CY02A,渤银理财理财有术系列持盈7天最短持有期固收理财产品2号,3,最短持有7天,1.031659
2026-03-20,QTCG03002E,平安理财启元添利（30天持有）2号固收类理财产品E,3,最短持有30天,1.0544
2026-03-20,PY2HCY010,汇华理财-时间朋友美元六个月持有固收类理财产品010期,3,最短持有180天,1.001
2026-03-20,LCYSRK16C,渤银理财理财有术系列晨夕盈16 号固收日开理财产品,3,长期,1.013432
2026-03-20,QTCG09001D,平安理财启元添利（90天持有）1号固收类理财产品D,3,最短持有90天,1.076
2026-03-20,ZNZQCY050,汇华理财趋势指南一个月最短持有固收类理财产品050期,4,最短持有30天,1.0038
2026-03-20,FLJZQC3001,法巴农银理财珐琅金固收增强30天最短持有期1号理财产品,3,最短持有30天,1.027179
2026-03-20,LWCG01401G,平安理财灵活成长汇稳日开14天持有1号固收类理财产品G,3,最短持有14天,1.0441
2026-03-22,TC3X00100N,平安理财-天天成长3号现金管理类人民币净值型理财产品N,2,长期,1.0
2026-03-23,LCYSRK18A,渤银理财理财有术系列晨夕盈18 号固收日开理财产品,3,长期,1.018697
2026-03-23,LCYS7CY02A,渤银理财理财有术系列持盈7天最短持有期固收理财产品2号,3,最短持有7天,1.031781
2026-03-23,LWCG01401G,平安理财灵活成长汇稳日开14天持有1号固收类理财产品G,3,最短持有14天,1.0443
2026-03-23,PY2HCY010,汇华理财-时间朋友美元六个月持有固收类理财产品010期,3,最短持有180天,1.0012
2026-03-23,LWCG00702B,平安理财灵活成长汇稳日开7天持有2号固收类理财产品B,3,最短持有7天,1.0323
2026-03-23,ZNZQCY050,汇华理财趋势指南一个月最短持有固收类理财产品050期,4,最短持有30天,1.0021
2026-03-23,FLJZQC3001,法巴农银理财珐琅金固收增强30天最短持有期1号理财产品,3,最短持有30天,1.026611
2026-03-23,LWCG02801F,平安理财灵活成长汇稳28天持有固收类理财产品F,3,最短持有28天,1.0561
2026-03-23,TC3X00100N,平安理财-天天成长3号现金管理类人民币净值型理财产品N,2,长期,1.0
2026-03-23,QTCG03002E,平安理财启元添利（30天持有）2号固收类理财产品E,3,最短持有30天,1.0546
2026-03-23,LCYSRK16C,渤银理财理财有术系列晨夕盈16 号固收日开理财产品,3,长期,1.013507
2026-03-23,QTCG09001D,平安理财启元添利（90天持有）1号固收类理财产品D,3,最短持有90天,1.076
2026-03-24,PY2HCY010,汇华理财-时间朋友美元六个月持有固收类理财产品010期,3,最短持有180天,1.0013
2026-03-24,LCYSRK18A,渤银理财理财有术系列晨夕盈18 号固收日开理财产品,3,长期,1.018754
2026-03-24,TC3X00100N,平安理财-天天成长3号现金管理类人民币净值型理财产品N,2,长期,1.0
2026-03-24,LWCG00702B,平安理财灵活成长汇稳日开7天持有2号固收类理财产品B,3,最短持有7天,1.0324
2026-03-24,LCYSRK16C,渤银理财理财有术系列晨夕盈16 号固收日开理财产品,3,长期,1.013588
2026-03-24,QTCG03002E,平安理财启元添利（30天持有）2号固收类理财产品E,3,最短持有30天,1.0546
2026-03-24,LWCG02801F,平安理财灵活成长汇稳28天持有固收类理财产品F,3,最短持有28天,1.0561
2026-03-24,LWCG01401G,平安理财灵活成长汇稳日开14天持有1号固收类理财产品G,3,最短持有14天,1.0444
2026-03-24,FLJZQC3001,法巴农银理财珐琅金固收增强30天最短持有期1号理财产品,3,最短持有30天,1.026627
2026-03-24,LCYS7CY02A,渤银理财理财有术系列持盈7天最短持有期固收理财产品2号,3,最短持有7天,1.031849
2026-03-24,ZNZQCY050,汇华理财趋势指南一个月最短持有固收类理财产品050期,4,最短持有30天,1.0025
2026-03-24,QTCG09001D,平安理财启元添利（90天持有）1号固收类理财产品D,3,最短持有90天,1.0763
2026-03-25,QTCG09001D,平安理财启元添利（90天持有）1号固收类理财产品D,3,最短持有90天,1.0765
2026-03-25,TC3X00100N,平安理财-天天成长3号现金管理类人民币净值型理财产品N,2,长期,1.0
2026-03-25,FLJZQC3001,法巴农银理财珐琅金固收增强30天最短持有期1号理财产品,3,最短持有30天,1.026588
2026-03-25,LWCG01401G,平安理财灵活成长汇稳日开14天持有1号固收类理财产品G,3,最短持有14天,1.0445
2026-03-25,LWCG02801F,平安理财灵活成长汇稳28天持有固收类理财产品F,3,最短持有28天,1.0564
2026-03-25,ZNZQCY050,汇华理财趋势指南一个月最短持有固收类理财产品050期,4,最短持有30天,1.0035
2026-03-25,PY2HCY010,汇华理财-时间朋友美元六个月持有固收类理财产品010期,3,最短持有180天,1.0014
2026-03-25,LWCG00702B,平安理财灵活成长汇稳日开7天持有2号固收类理财产品B,3,最短持有7天,1.0325
2026-03-25,QTCG03002E,平安理财启元添利（30天持有）2号固收类理财产品E,3,最短持有30天,1.0547
2026-03-25,LCYSRK16C,渤银理财理财有术系列晨夕盈16 号固收日开理财产品,3,长期,1.013661
2026-03-25,LCYS7CY02A,渤银理财理财有术系列持盈7天最短持有期固收理财产品2号,3,最短持有7天,1.031899
2026-03-25,LCYSRK18A,渤银理财理财有术系列晨夕盈18 号固收日开理财产品,3,长期,1.018808
2026-03-26,PY2HCY010,汇华理财-时间朋友美元六个月持有固收类理财产品010期,3,最短持有180天,1.0015
2026-03-26,LCYSRK16C,渤银理财理财有术系列晨夕盈16 号固收日开理财产品,3,长期,1.013714
2026-03-26,TC3X00100N,平安理财-天天成长3号现金管理类人民币净值型理财产品N,2,长期,1.0
2026-03-26,QTCG03002E,平安理财启元添利（30天持有）2号固收类理财产品E,3,最短持有30天,1.0548
2026-03-26,LWCG00702B,平安理财灵活成长汇稳日开7天持有2号固收类理财产品B,3,最短持有7天,1.0325
2026-03-26,LCYSRK18A,渤银理财理财有术系列晨夕盈18 号固收日开理财产品,3,长期,1.018868
2026-03-26,ZNZQCY050,汇华理财趋势指南一个月最短持有固收类理财产品050期,4,最短持有30天,1.0044
2026-03-26,QTCG09001D,平安理财启元添利（90天持有）1号固收类理财产品D,3,最短持有90天,1.0766
2026-03-26,LWCG02801F,平安理财灵活成长汇稳28天持有固收类理财产品F,3,最短持有28天,1.0564
2026-03-26,LWCG01401G,平安理财灵活成长汇稳日开14天持有1号固收类理财产品G,3,最短持有14天,1.0446
2026-03-26,FLJZQC3001,法巴农银理财珐琅金固收增强30天最短持有期1号理财产品,3,最短持有30天,1.028137
2026-03-26,LCYS7CY02A,渤银理财理财有术系列持盈7天最短持有期固收理财产品2号,3,最短持有7天,1.031953
2026-03-27,ZNZQCY050,汇华理财趋势指南一个月最短持有固收类理财产品050期,4,最短持有30天,1.003
2026-03-27,QTCG03002E,平安理财启元添利（30天持有）2号固收类理财产品E,3,最短持有30天,1.0549
2026-03-27,LWCG00702B,平安理财灵活成长汇稳日开7天持有2号固收类理财产品B,3,最短持有7天,1.0325
2026-03-27,PY2HCY010,汇华理财-时间朋友美元六个月持有固收类理财产品010期,3,最短持有180天,1.0016
2026-03-27,LCYSRK18A,渤银理财理财有术系列晨夕盈18 号固收日开理财产品,3,长期,1.018909
2026-03-27,LCYSRK16C,渤银理财理财有术系列晨夕盈16 号固收日开理财产品,3,长期,1.01377
2026-03-27,LCYS7CY02A,渤银理财理财有术系列持盈7天最短持有期固收理财产品2号,3,最短持有7天,1.032025
2026-03-27,FLJZQC3001,法巴农银理财珐琅金固收增强30天最短持有期1号理财产品,3,最短持有30天,1.026524
2026-03-27,LWCG01401G,平安理财灵活成长汇稳日开14天持有1号固收类理财产品G,3,最短持有14天,1.0447
2026-03-27,QTCG09001D,平安理财启元添利（90天持有）1号固收类理财产品D,3,最短持有90天,1.0767
2026-03-27,LWCG02801F,平安理财灵活成长汇稳28天持有固收类理财产品F,3,最短持有28天,1.0565
2026-03-29,TC3X00100N,平安理财-天天成长3号现金管理类人民币净值型理财产品N,2,长期,1.0
2026-03-30,LWCG00702B,平安理财灵活成长汇稳日开7天持有2号固收类理财产品B,3,最短持有7天,1.0327
2026-03-30,TC3X00100N,平安理财-天天成长3号现金管理类人民币净值型理财产品N,2,长期,1.0
2026-03-30,PY2HCY010,汇华理财-时间朋友美元六个月持有固收类理财产品010期,3,最短持有180天,1.0019
2026-03-30,LCYSRK18A,渤银理财理财有术系列晨夕盈18 号固收日开理财产品,3,长期,1.019043
2026-03-30,LCYSRK16C,渤银理财理财有术系列晨夕盈16 号固收日开理财产品,3,长期,1.013909
2026-03-30,QTCG03002E,平安理财启元添利（30天持有）2号固收类理财产品E,3,最短持有30天,1.0551
2026-03-30,LCYS7CY02A,渤银理财理财有术系列持盈7天最短持有期固收理财产品2号,3,最短持有7天,1.03217
2026-03-30,QTCG09001D,平安理财启元添利（90天持有）1号固收类理财产品D,3,最短持有90天,1.0769
2026-03-30,LWCG02801F,平安理财灵活成长汇稳28天持有固收类理财产品F,3,最短持有28天,1.0567
2026-03-30,LWCG01401G,平安理财灵活成长汇稳日开14天持有1号固收类理财产品G,3,最短持有14天,1.0449
2026-03-30,FLJZQC3001,法巴农银理财珐琅金固收增强30天最短持有期1号理财产品,3,最短持有30天,1.025627
2026-03-30,ZNZQCY050,汇华理财趋势指南一个月最短持有固收类理财产品050期,4,最短持有30天,1.0018
2026-03-31,TC3X00100N,平安理财-天天成长3号现金管理类人民币净值型理财产品N,2,长期,1.0
2026-03-31,QTCG03002E,平安理财启元添利（30天持有）2号固收类理财产品E,3,最短持有30天,1.0552
2026-03-31,LWCG00702B,平安理财灵活成长汇稳日开7天持有2号固收类理财产品B,3,最短持有7天,1.0328
2026-03-31,PY2HCY010,汇华理财-时间朋友美元六个月持有固收类理财产品010期,3,最短持有180天,1.002
2026-03-31,LCYSRK16C,渤银理财理财有术系列晨夕盈16 号固收日开理财产品,3,长期,1.013957
2026-03-31,LCYSRK18A,渤银理财理财有术系列晨夕盈18 号固收日开理财产品,3,长期,1.019089
2026-03-31,LCYS7CY02A,渤银理财理财有术系列持盈7天最短持有期固收理财产品2号,3,最短持有7天,1.032257
2026-03-31,QTCG09001D,平安理财启元添利（90天持有）1号固收类理财产品D,3,最短持有90天,1.0769
2026-03-31,LWCG02801F,平安理财灵活成长汇稳28天持有固收类理财产品F,3,最短持有28天,1.0567
2026-03-31,LWCG01401G,平安理财灵活成长汇稳日开14天持有1号固收类理财产品G,3,最短持有14天,1.0449
2026-03-31,FLJZQC3001,法巴农银理财珐琅金固收增强30天最短持有期1号理财产品,3,最短持有30天,1.02553
2026-03-31,ZNZQCY050,汇华理财趋势指南一个月最短持有固收类理财产品050期,4,最短持有30天,1.0023
2026-04-01,TC3X00100N,平安理财-天天成长3号现金管理类人民币净值型理财产品N,2,长期,1.0
2026-04-01,QTCG03002E,平安理财启元添利（30天持有）2号固收类理财产品E,3,最短持有30天,1.0553
2026-04-01,LWCG00702B,平安理财灵活成长汇稳日开7天持有2号固收类理财产品B,3,最短持有7天,1.0328
2026-04-01,LCYSRK16C,渤银理财理财有术系列晨夕盈16 号固收日开理财产品,3,长期,1.014003
2026-04-01,LCYSRK18A,渤银理财理财有术系列晨夕盈18 号固收日开理财产品,3,长期,1.019122
2026-04-01,LCYS7CY02A,渤银理财理财有术系列持盈7天最短持有期固收理财产品2号,3,最短持有7天,1.032313
2026-04-01,QTCG09001D,平安理财启元添利（90天持有）1号固收类理财产品D,3,最短持有90天,1.0771
2026-04-01,LWCG02801F,平安理财灵活成长汇稳28天持有固收类理财产品F,3,最短持有28天,1.0568
2026-04-01,LWCG01401G,平安理财灵活成长汇稳日开14天持有1号固收类理财产品G,3,最短持有14天,1.045
2026-04-01,FLJZQC3001,法巴农银理财珐琅金固收增强30天最短持有期1号理财产品,3,最短持有30天,1.025675
2026-04-01,PY2HCY010,汇华理财-时间朋友美元六个月持有固收类理财产品010期,3,最短持有180天,1.0021
2026-04-01,ZNZQCY050,汇华理财趋势指南一个月最短持有固收类理财产品050期,4,最短持有30天,1.0033
2026-04-02,TC3X00100N,平安理财-天天成长3号现金管理类人民币净值型理财产品N,2,长期,1.0
2026-04-02,QTCG03002E,平安理财启元添利（30天持有）2号固收类理财产品E,3,最短持有30天,1.0554
2026-04-02,LWCG00702B,平安理财灵活成长汇稳日开7天持有2号固收类理财产品B,3,最短持有7天,1.0329
2026-04-02,LCYSRK16C,渤银理财理财有术系列晨夕盈16 号固收日开理财产品,3,长期,1.014052
2026-04-02,LCYSRK18A,渤银理财理财有术系列晨夕盈18 号固收日开理财产品,3,长期,1.019192
2026-04-02,LCYS7CY02A,渤银理财理财有术系列持盈7天最短持有期固收理财产品2号,3,最短持有7天,1.032386
2026-04-02,QTCG09001D,平安理财启元添利（90天持有）1号固收类理财产品D,3,最短持有90天,1.0771
2026-04-02,LWCG02801F,平安理财灵活成长汇稳28天持有固收类理财产品F,3,最短持有28天,1.0568
2026-04-02,LWCG01401G,平安理财灵活成长汇稳日开14天持有1号固收类理财产品G,3,最短持有14天,1.045
2026-04-02,FLJZQC3001,法巴农银理财珐琅金固收增强30天最短持有期1号理财产品,3,最短持有30天,1.029033
2026-04-02,PY2HCY010,汇华理财-时间朋友美元六个月持有固收类理财产品010期,3,最短持有180天,1.0022
2026-04-02,ZNZQCY050,汇华理财趋势指南一个月最短持有固收类理财产品050期,4,最短持有30天,1.0054
2026-04-03,QTCG03002E,平安理财启元添利（30天持有）2号固收类理财产品E,3,最短持有30天,1.0555
2026-04-03,LWCG00702B,平安理财灵活成长汇稳日开7天持有2号固收类理财产品B,3,最短持有7天,1.0329
2026-04-03,LCYSRK16C,渤银理财理财有术系列晨夕盈16 号固收日开理财产品,3,长期,1.014128
2026-04-03,LCYSRK18A,渤银理财理财有术系列晨夕盈18 号固收日开理财产品,3,长期,1.019257
2026-04-03,LCYS7CY02A,渤银理财理财有术系列持盈7天最短持有期固收理财产品2号,3,最短持有7天,1.032479
2026-04-03,QTCG09001D,平安理财启元添利（90天持有）1号固收类理财产品D,3,最短持有90天,1.0774
2026-04-03,LWCG02801F,平安理财灵活成长汇稳28天持有固收类理财产品F,3,最短持有28天,1.0569
2026-04-03,LWCG01401G,平安理财灵活成长汇稳日开14天持有1号固收类理财产品G,3,最短持有14天,1.045
2026-04-03,FLJZQC3001,法巴农银理财珐琅金固收增强30天最短持有期1号理财产品,3,最短持有30天,1.029182
2026-04-06,TC3X00100N,平安理财-天天成长3号现金管理类人民币净值型理财产品N,2,长期,1.0
2026-04-07,TC3X00100N,平安理财-天天成长3号现金管理类人民币净值型理财产品N,2,长期,1.0
2026-04-07,QTCG03002E,平安理财启元添利（30天持有）2号固收类理财产品E,3,最短持有30天,1.0558
2026-04-07,LWCG00702B,平安理财灵活成长汇稳日开7天持有2号固收类理财产品B,3,最短持有7天,1.0331
2026-04-07,LCYSRK16C,渤银理财理财有术系列晨夕盈16 号固收日开理财产品,3,长期,1.014313
2026-04-07,LCYSRK18A,渤银理财理财有术系列晨夕盈18 号固收日开理财产品,3,长期,1.019436
2026-04-07,LCYS7CY02A,渤银理财理财有术系列持盈7天最短持有期固收理财产品2号,3,最短持有7天,1.032651
2026-04-07,QTCG09001D,平安理财启元添利（90天持有）1号固收类理财产品D,3,最短持有90天,1.0778
2026-04-07,LWCG02801F,平安理财灵活成长汇稳28天持有固收类理财产品F,3,最短持有28天,1.0571
2026-04-07,LWCG01401G,平安理财灵活成长汇稳日开14天持有1号固收类理财产品G,3,最短持有14天,1.0452
2026-04-07,FLJZQC3001,法巴农银理财珐琅金固收增强30天最短持有期1号理财产品,3,最短持有30天,1.027953
2026-04-08,TC3X00100N,平安理财-天天成长3号现金管理类人民币净值型理财产品N,2,长期,1.0
2026-04-08,QTCG03002E,平安理财启元添利（30天持有）2号固收类理财产品E,3,最短持有30天,1.056
2026-04-08,LWCG00702B,平安理财灵活成长汇稳日开7天持有2号固收类理财产品B,3,最短持有7天,1.0332
2026-04-08,PY2HCY010,汇华理财-时间朋友美元六个月持有固收类理财产品010期,3,最短持有180天,1.0027
2026-04-08,LCYSRK16C,渤银理财理财有术系列晨夕盈16 号固收日开理财产品,3,长期,1.014415
2026-04-08,LCYSRK18A,渤银理财理财有术系列晨夕盈18 号固收日开理财产品,3,长期,1.019501
2026-04-08,LCYS7CY02A,渤银理财理财有术系列持盈7天最短持有期固收理财产品2号,3,最短持有7天,1.032726
2026-04-08,LC180CYZ2C,理财有术持盈增利180天最短持有期固收2号理财产品C,3,最短持有180天,1.020641
2026-04-08,QTCG09001D,平安理财启元添利（90天持有）1号固收类理财产品D,3,最短持有90天,1.0782
2026-04-08,LWCG02801F,平安理财灵活成长汇稳28天持有固收类理财产品F,3,最短持有28天,1.0571
2026-04-08,LWCG01401G,平安理财灵活成长汇稳日开14天持有1号固收类理财产品G,3,最短持有14天,1.0453
2026-04-08,FLJZQC3001,法巴农银理财珐琅金固收增强30天最短持有期1号理财产品,3,最短持有30天,1.02718
2026-04-08,ZNZQCY050,汇华理财趋势指南一个月最短持有固收类理财产品050期,4,最短持有30天,1.0049
2026-04-09,TC3X00100N,平安理财-天天成长3号现金管理类人民币净值型理财产品N,2,长期,1.0
2026-04-09,QTCG03002E,平安理财启元添利（30天持有）2号固收类理财产品E,3,最短持有30天,1.0561
2026-04-09,LWCG00702B,平安理财灵活成长汇稳日开7天持有2号固收类理财产品B,3,最短持有7天,1.0332
2026-04-09,PY2HCY010,汇华理财-时间朋友美元六个月持有固收类理财产品010期,3,最短持有180天,1.0028
2026-04-09,LCYSRK16C,渤银理财理财有术系列晨夕盈16 号固收日开理财产品,3,长期,1.014473
2026-04-09,LCYSRK18A,渤银理财理财有术系列晨夕盈18 号固收日开理财产品,3,长期,1.019575
2026-04-09,LCYS7CY02A,渤银理财理财有术系列持盈7天最短持有期固收理财产品2号,3,最短持有7天,1.032784
2026-04-09,LC180CYZ2C,理财有术持盈增利180天最短持有期固收2号理财产品C,3,最短持有180天,1.020641
2026-04-09,QTCG09001D,平安理财启元添利（90天持有）1号固收类理财产品D,3,最短持有90天,1.0782
2026-04-09,LWCG02801F,平安理财灵活成长汇稳28天持有固收类理财产品F,3,最短持有28天,1.0573
2026-04-09,LWCG01401G,平安理财灵活成长汇稳日开14天持有1号固收类理财产品G,3,最短持有14天,1.0453
2026-04-09,FLJZQC3001,法巴农银理财珐琅金固收增强30天最短持有期1号理财产品,3,最短持有30天,1.032019
2026-04-09,ZNZQCY050,汇华理财趋势指南一个月最短持有固收类理财产品050期,4,最短持有30天,1.0083
2026-04-10,QTCG03002E,平安理财启元添利（30天持有）2号固收类理财产品E,3,最短持有30天,1.0562
2026-04-10,LWCG00702B,平安理财灵活成长汇稳日开7天持有2号固收类理财产品B,3,最短持有7天,1.0333
2026-04-10,PY2HCY010,汇华理财-时间朋友美元六个月持有固收类理财产品010期,3,最短持有180天,1.0029
2026-04-10,LCYSRK16C,渤银理财理财有术系列晨夕盈16 号固收日开理财产品,3,长期,1.014516
2026-04-10,LCYSRK18A,渤银理财理财有术系列晨夕盈18 号固收日开理财产品,3,长期,1.019618
2026-04-10,LCYS7CY02A,渤银理财理财有术系列持盈7天最短持有期固收理财产品2号,3,最短持有7天,1.032827
2026-04-10,LC180CYZ2C,理财有术持盈增利180天最短持有期固收2号理财产品C,3,最短持有180天,1.020641
2026-04-10,QTCG09001D,平安理财启元添利（90天持有）1号固收类理财产品D,3,最短持有90天,1.0784
2026-04-10,LWCG02801F,平安理财灵活成长汇稳28天持有固收类理财产品F,3,最短持有28天,1.0573
2026-04-10,LWCG01401G,平安理财灵活成长汇稳日开14天持有1号固收类理财产品G,3,最短持有14天,1.0454
2026-04-10,FLJZQC3001,法巴农银理财珐琅金固收增强30天最短持有期1号理财产品,3,最短持有30天,1.032243
2026-04-10,ZNZQCY050,汇华理财趋势指南一个月最短持有固收类理财产品050期,4,最短持有30天,1.0088
2026-04-12,TC3X00100N,平安理财-天天成长3号现金管理类人民币净值型理财产品N,2,长期,1.0
2026-04-13,TC3X00100N,平安理财-天天成长3号现金管理类人民币净值型理财产品N,2,长期,1.0
2026-04-13,QTCG03002E,平安理财启元添利（30天持有）2号固收类理财产品E,3,最短持有30天,1.0565
2026-04-13,LWCG00702B,平安理财灵活成长汇稳日开7天持有2号固收类理财产品B,3,最短持有7天,1.0334
2026-04-13,PY2HCY010,汇华理财-时间朋友美元六个月持有固收类理财产品010期,3,最短持有180天,1.0032
2026-04-13,LCYSRK16C,渤银理财理财有术系列晨夕盈16 号固收日开理财产品,3,长期,1.014637
2026-04-13,LCYSRK18A,渤银理财理财有术系列晨夕盈18 号固收日开理财产品,3,长期,1.019748
2026-04-13,LCYS7CY02A,渤银理财理财有术系列持盈7天最短持有期固收理财产品2号,3,最短持有7天,1.032967
2026-04-13,LC180CYZ2C,理财有术持盈增利180天最短持有期固收2号理财产品C,3,最短持有180天,1.02075
2026-04-13,QTCG09001D,平安理财启元添利（90天持有）1号固收类理财产品D,3,最短持有90天,1.0787
2026-04-13,LWCG02801F,平安理财灵活成长汇稳28天持有固收类理财产品F,3,最短持有28天,1.0574
2026-04-13,LWCG01401G,平安理财灵活成长汇稳日开14天持有1号固收类理财产品G,3,最短持有14天,1.0456
2026-04-13,FLJZQC3001,法巴农银理财珐琅金固收增强30天最短持有期1号理财产品,3,最短持有30天,1.032998
2026-04-13,ZNZQCY050,汇华理财趋势指南一个月最短持有固收类理财产品050期,4,最短持有30天,1.0089
2026-04-14,TC3X00100N,平安理财-天天成长3号现金管理类人民币净值型理财产品N,2,长期,1.0
2026-04-14,QTCG03002E,平安理财启元添利（30天持有）2号固收类理财产品E,3,最短持有30天,1.0566
2026-04-14,LWCG00702B,平安理财灵活成长汇稳日开7天持有2号固收类理财产品B,3,最短持有7天,1.0335
2026-04-14,PY2HCY010,汇华理财-时间朋友美元六个月持有固收类理财产品010期,3,最短持有180天,1.0033
2026-04-14,LCYSRK16C,渤银理财理财有术系列晨夕盈16 号固收日开理财产品,3,长期,1.014713
2026-04-14,LCYSRK18A,渤银理财理财有术系列晨夕盈18 号固收日开理财产品,3,长期,1.019795
2026-04-14,LCYS7CY02A,渤银理财理财有术系列持盈7天最短持有期固收理财产品2号,3,最短持有7天,1.033051
2026-04-14,LC180CYZ2C,理财有术持盈增利180天最短持有期固收2号理财产品C,3,最短持有180天,1.020911
2026-04-14,QTCG09001D,平安理财启元添利（90天持有）1号固收类理财产品D,3,最短持有90天,1.0789
2026-04-14,LWCG02801F,平安理财灵活成长汇稳28天持有固收类理财产品F,3,最短持有28天,1.0575
2026-04-14,LWCG01401G,平安理财灵活成长汇稳日开14天持有1号固收类理财产品G,3,最短持有14天,1.0456
2026-04-14,FLJZQC3001,法巴农银理财珐琅金固收增强30天最短持有期1号理财产品,3,最短持有30天,1.032296
2026-04-14,ZNZQCY050,汇华理财趋势指南一个月最短持有固收类理财产品050期,4,最短持有30天,1.0084
2026-04-15,TC3X00100N,平安理财-天天成长3号现金管理类人民币净值型理财产品N,2,长期,1.0
2026-04-15,QTCG03002E,平安理财启元添利（30天持有）2号固收类理财产品E,3,最短持有30天,1.0566
2026-04-15,LWCG00702B,平安理财灵活成长汇稳日开7天持有2号固收类理财产品B,3,最短持有7天,1.0335
2026-04-15,PY2HCY010,汇华理财-时间朋友美元六个月持有固收类理财产品010期,3,最短持有180天,1.0034
2026-04-15,LCYSRK16C,渤银理财理财有术系列晨夕盈16 号固收日开理财产品,3,长期,1.01477
2026-04-15,LCYSRK18A,渤银理财理财有术系列晨夕盈18 号固收日开理财产品,3,长期,1.019844
2026-04-15,LCYS7CY02A,渤银理财理财有术系列持盈7天最短持有期固收理财产品2号,3,最短持有7天,1.03312
2026-04-15,LC180CYZ2C,理财有术持盈增利180天最短持有期固收2号理财产品C,3,最短持有180天,1.02096
2026-04-15,QTCG09001D,平安理财启元添利（90天持有）1号固收类理财产品D,3,最短持有90天,1.079
2026-04-15,LWCG02801F,平安理财灵活成长汇稳28天持有固收类理财产品F,3,最短持有28天,1.0575
2026-04-15,LWCG01401G,平安理财灵活成长汇稳日开14天持有1号固收类理财产品G,3,最短持有14天,1.0457
2026-04-15,FLJZQC3001,法巴农银理财珐琅金固收增强30天最短持有期1号理财产品,3,最短持有30天,1.034928
2026-04-15,ZNZQCY050,汇华理财趋势指南一个月最短持有固收类理财产品050期,4,最短持有30天,1.01
2026-04-16,TC3X00100N,平安理财-天天成长3号现金管理类人民币净值型理财产品N,2,长期,1.0
2026-04-16,QTCG03002E,平安理财启元添利（30天持有）2号固收类理财产品E,3,最短持有30天,1.0566
2026-04-16,LWCG00702B,平安理财灵活成长汇稳日开7天持有2号固收类理财产品B,3,最短持有7天,1.0335
2026-04-16,PY2HCY010,汇华理财-时间朋友美元六个月持有固收类理财产品010期,3,最短持有180天,1.0035
2026-04-16,LCYSRK16C,渤银理财理财有术系列晨夕盈16 号固收日开理财产品,3,长期,1.014835
2026-04-16,LCYSRK18A,渤银理财理财有术系列晨夕盈18 号固收日开理财产品,3,长期,1.019886
2026-04-16,LCYS7CY02A,渤银理财理财有术系列持盈7天最短持有期固收理财产品2号,3,最短持有7天,1.033175
2026-04-16,LC180CYZ2C,理财有术持盈增利180天最短持有期固收2号理财产品C,3,最短持有180天,1.021126
2026-04-16,QTCG09001D,平安理财启元添利（90天持有）1号固收类理财产品D,3,最短持有90天,1.0792
2026-04-16,LWCG02801F,平安理财灵活成长汇稳28天持有固收类理财产品F,3,最短持有28天,1.0576
2026-04-16,LWCG01401G,平安理财灵活成长汇稳日开14天持有1号固收类理财产品G,3,最短持有14天,1.0457
2026-04-16,FLJZQC3001,法巴农银理财珐琅金固收增强30天最短持有期1号理财产品,3,最短持有30天,1.035395
2026-04-16,ZNZQCY050,汇华理财趋势指南一个月最短持有固收类理财产品050期,4,最短持有30天,1.0101
2026-04-17,QTCG03002E,平安理财启元添利（30天持有）2号固收类理财产品E,3,最短持有30天,1.0569
2026-04-17,LWCG00702B,平安理财灵活成长汇稳日开7天持有2号固收类理财产品B,3,最短持有7天,1.0336
2026-04-17,PY2HCY010,汇华理财-时间朋友美元六个月持有固收类理财产品010期,3,最短持有180天,1.0035
2026-04-17,LCYSRK16C,渤银理财理财有术系列晨夕盈16 号固收日开理财产品,3,长期,1.014905
2026-04-17,LCYSRK18A,渤银理财理财有术系列晨夕盈18 号固收日开理财产品,3,长期,1.019951
2026-04-17,LCYS7CY02A,渤银理财理财有术系列持盈7天最短持有期固收理财产品2号,3,最短持有7天,1.033237
2026-04-17,LC180CYZ2C,理财有术持盈增利180天最短持有期固收2号理财产品C,3,最短持有180天,1.021278
2026-04-17,QTCG09001D,平安理财启元添利（90天持有）1号固收类理财产品D,3,最短持有90天,1.0795
2026-04-17,LWCG02801F,平安理财灵活成长汇稳28天持有固收类理财产品F,3,最短持有28天,1.0577
2026-04-17,LWCG01401G,平安理财灵活成长汇稳日开14天持有1号固收类理财产品G,3,最短持有14天,1.0458
2026-04-17,FLJZQC3001,法巴农银理财珐琅金固收增强30天最短持有期1号理财产品,3,最短持有30天,1.036021
2026-04-17,ZNZQCY050,汇华理财趋势指南一个月最短持有固收类理财产品050期,4,最短持有30天,1.0105
2026-04-19,TC3X00100N,平安理财-天天成长3号现金管理类人民币净值型理财产品N,2,长期,1.0
2026-04-20,TC3X00100N,平安理财-天天成长3号现金管理类人民币净值型理财产品N,2,长期,1.0
2026-04-20,QTCG03002E,平安理财启元添利（30天持有）2号固收类理财产品E,3,最短持有30天,1.057
2026-04-20,LWCG00702B,平安理财灵活成长汇稳日开7天持有2号固收类理财产品B,3,最短持有7天,1.0338
2026-04-20,PY2HCY010,汇华理财-时间朋友美元六个月持有固收类理财产品010期,3,最短持有180天,1.0038
2026-04-20,LCYSRK16C,渤银理财理财有术系列晨夕盈16 号固收日开理财产品,3,长期,1.015011
2026-04-20,LCYSRK18A,渤银理财理财有术系列晨夕盈18 号固收日开理财产品,3,长期,1.020057
2026-04-20,LCYS7CY02A,渤银理财理财有术系列持盈7天最短持有期固收理财产品2号,3,最短持有7天,1.03335
2026-04-20,LC180CYZ2C,理财有术持盈增利180天最短持有期固收2号理财产品C,3,最短持有180天,1.021431
2026-04-20,QTCG09001D,平安理财启元添利（90天持有）1号固收类理财产品D,3,最短持有90天,1.0796
2026-04-20,LWCG02801F,平安理财灵活成长汇稳28天持有固收类理财产品F,3,最短持有28天,1.0579
2026-04-20,LWCG01401G,平安理财灵活成长汇稳日开14天持有1号固收类理财产品G,3,最短持有14天,1.046
2026-04-20,FLJZQC3001,法巴农银理财珐琅金固收增强30天最短持有期1号理财产品,3,最短持有30天,1.038181
2026-04-20,ZNZQCY050,汇华理财趋势指南一个月最短持有固收类理财产品050期,4,最短持有30天,1.0118
2026-04-21,TC3X00100N,平安理财-天天成长3号现金管理类人民币净值型理财产品N,2,长期,1.0
2026-04-21,QTCG03002E,平安理财启元添利（30天持有）2号固收类理财产品E,3,最短持有30天,1.0572
2026-04-21,LWCG00702B,平安理财灵活成长汇稳日开7天持有2号固收类理财产品B,3,最短持有7天,1.0338
2026-04-21,PY2HCY010,汇华理财-时间朋友美元六个月持有固收类理财产品010期,3,最短持有180天,1.0039
2026-04-21,LCYSRK16C,渤银理财理财有术系列晨夕盈16 号固收日开理财产品,3,长期,1.015083
2026-04-21,LCYSRK18A,渤银理财理财有术系列晨夕盈18 号固收日开理财产品,3,长期,1.020116
2026-04-21,LCYS7CY02A,渤银理财理财有术系列持盈7天最短持有期固收理财产品2号,3,最短持有7天,1.033451
2026-04-21,LC180CYZ2C,理财有术持盈增利180天最短持有期固收2号理财产品C,3,最短持有180天,1.021541
2026-04-21,QTCG09001D,平安理财启元添利（90天持有）1号固收类理财产品D,3,最短持有90天,1.0799
2026-04-21,LWCG02801F,平安理财灵活成长汇稳28天持有固收类理财产品F,3,最短持有28天,1.0579
2026-04-21,LWCG01401G,平安理财灵活成长汇稳日开14天持有1号固收类理财产品G,3,最短持有14天,1.0461
2026-04-21,FLJZQC3001,法巴农银理财珐琅金固收增强30天最短持有期1号理财产品,3,最短持有30天,1.037004
2026-04-21,ZNZQCY050,汇华理财趋势指南一个月最短持有固收类理财产品050期,4,最短持有30天,1.0115
2026-04-22,TC3X00100N,平安理财-天天成长3号现金管理类人民币净值型理财产品N,2,长期,1.0
2026-04-22,QTCG03002E,平安理财启元添利（30天持有）2号固收类理财产品E,3,最短持有30天,1.0573
2026-04-22,LWCG00702B,平安理财灵活成长汇稳日开7天持有2号固收类理财产品B,3,最短持有7天,1.0338
2026-04-22,PY2HCY010,汇华理财-时间朋友美元六个月持有固收类理财产品010期,3,最短持有180天,1.004
2026-04-22,LCYSRK16C,渤银理财理财有术系列晨夕盈16 号固收日开理财产品,3,长期,1.015141
2026-04-22,LCYSRK18A,渤银理财理财有术系列晨夕盈18 号固收日开理财产品,3,长期,1.020162
2026-04-22,LCYS7CY02A,渤银理财理财有术系列持盈7天最短持有期固收理财产品2号,3,最短持有7天,1.033517
2026-04-22,LC180CYZ2C,理财有术持盈增利180天最短持有期固收2号理财产品C,3,最短持有180天,1.021729
2026-04-22,QTCG09001D,平安理财启元添利（90天持有）1号固收类理财产品D,3,最短持有90天,1.0801
2026-04-22,LWCG02801F,平安理财灵活成长汇稳28天持有固收类理财产品F,3,最短持有28天,1.0579
2026-04-22,LWCG01401G,平安理财灵活成长汇稳日开14天持有1号固收类理财产品G,3,最短持有14天,1.0461
2026-04-22,FLJZQC3001,法巴农银理财珐琅金固收增强30天最短持有期1号理财产品,3,最短持有30天,1.036582
2026-04-22,FLJYXC6001,法巴农银理财珐琅金策略优选60天最短持有期1号理财产品,3,最短持有60天,1.015086
2026-04-22,ZNZQCY050,汇华理财趋势指南一个月最短持有固收类理财产品050期,4,最短持有30天,1.0108
2026-04-23,TC3X00100N,平安理财-天天成长3号现金管理类人民币净值型理财产品N,2,长期,1.0
2026-04-23,QTCG03002E,平安理财启元添利（30天持有）2号固收类理财产品E,3,最短持有30天,1.0573
2026-04-23,LWCG00702B,平安理财灵活成长汇稳日开7天持有2号固收类理财产品B,3,最短持有7天,1.0338
2026-04-23,PY2HCY010,汇华理财-时间朋友美元六个月持有固收类理财产品010期,3,最短持有180天,1.0041
2026-04-23,LCYSRK16C,渤银理财理财有术系列晨夕盈16 号固收日开理财产品,3,长期,1.015187
2026-04-23,LCYSRK18A,渤银理财理财有术系列晨夕盈18 号固收日开理财产品,3,长期,1.020207
2026-04-23,LCYS7CY02A,渤银理财理财有术系列持盈7天最短持有期固收理财产品2号,3,最短持有7天,1.033565
2026-04-23,LC180CYZ2C,理财有术持盈增利180天最短持有期固收2号理财产品C,3,最短持有180天,1.021694
2026-04-23,QTCG09001D,平安理财启元添利（90天持有）1号固收类理财产品D,3,最短持有90天,1.08
2026-04-23,LWCG02801F,平安理财灵活成长汇稳28天持有固收类理财产品F,3,最短持有28天,1.058
2026-04-23,LWCG01401G,平安理财灵活成长汇稳日开14天持有1号固收类理财产品G,3,最短持有14天,1.0462
2026-04-23,FLJZQC3001,法巴农银理财珐琅金固收增强30天最短持有期1号理财产品,3,最短持有30天,1.036888
2026-04-23,FLJYXC6001,法巴农银理财珐琅金策略优选60天最短持有期1号理财产品,3,最短持有60天,1.015085
2026-04-23,ZNZQCY050,汇华理财趋势指南一个月最短持有固收类理财产品050期,4,最短持有30天,1.0112
2026-04-24,QTCG03002E,平安理财启元添利（30天持有）2号固收类理财产品E,3,最短持有30天,1.0573
2026-04-24,LWCG00702B,平安理财灵活成长汇稳日开7天持有2号固收类理财产品B,3,最短持有7天,1.0338
2026-04-24,PY2HCY010,汇华理财-时间朋友美元六个月持有固收类理财产品010期,3,最短持有180天,1.0042
2026-04-24,LCYSRK16C,渤银理财理财有术系列晨夕盈16 号固收日开理财产品,3,长期,1.015217
2026-04-24,LCYSRK18A,渤银理财理财有术系列晨夕盈18 号固收日开理财产品,3,长期,1.020243
2026-04-24,LCYS7CY02A,渤银理财理财有术系列持盈7天最短持有期固收理财产品2号,3,最短持有7天,1.033607
2026-04-24,LC180CYZ2C,理财有术持盈增利180天最短持有期固收2号理财产品C,3,最短持有180天,1.021642
2026-04-24,QTCG09001D,平安理财启元添利（90天持有）1号固收类理财产品D,3,最短持有90天,1.0799
2026-04-24,LWCG02801F,平安理财灵活成长汇稳28天持有固收类理财产品F,3,最短持有28天,1.058
2026-04-24,LWCG01401G,平安理财灵活成长汇稳日开14天持有1号固收类理财产品G,3,最短持有14天,1.0463
2026-04-24,FLJZQC3001,法巴农银理财珐琅金固收增强30天最短持有期1号理财产品,3,最短持有30天,1.037154
2026-04-24,FLJYXC6001,法巴农银理财珐琅金策略优选60天最短持有期1号理财产品,3,最短持有60天,1.015319
2026-04-24,ZNZQCY050,汇华理财趋势指南一个月最短持有固收类理财产品050期,4,最短持有30天,1.0114
2026-04-26,TC3X00100N,平安理财-天天成长3号现金管理类人民币净值型理财产品N,2,长期,1.0
2026-04-27,TC3X00100N,平安理财-天天成长3号现金管理类人民币净值型理财产品N,2,长期,1.0
2026-04-27,QTCG03002E,平安理财启元添利（30天持有）2号固收类理财产品E,3,最短持有30天,1.0574
2026-04-27,LWCG00702B,平安理财灵活成长汇稳日开7天持有2号固收类理财产品B,3,最短持有7天,1.034
2026-04-27,PY2HCY010,汇华理财-时间朋友美元六个月持有固收类理财产品010期,3,最短持有180天,1.0047
2026-04-27,LCYSRK16C,渤银理财理财有术系列晨夕盈16 号固收日开理财产品,3,长期,1.015284
2026-04-27,LCYSRK18A,渤银理财理财有术系列晨夕盈18 号固收日开理财产品,3,长期,1.020337
2026-04-27,LCYS7CY02A,渤银理财理财有术系列持盈7天最短持有期固收理财产品2号,3,最短持有7天,1.033694
2026-04-27,LC180CYZ2C,渤银理财理财有术持盈增利180天最短持有期固收2号理财产品C,3,最短持有180天,1.021718
2026-04-27,QTCG09001D,平安理财启元添利（90天持有）1号固收类理财产品D,3,最短持有90天,1.0799
2026-04-27,LWCG02801F,平安理财灵活成长汇稳28天持有固收类理财产品F,3,最短持有28天,1.0582
2026-04-27,LWCG01401G,平安理财灵活成长汇稳日开14天持有1号固收类理财产品G,3,最短持有14天,1.0464
2026-04-27,FLJZQC3001,法巴农银理财珐琅金固收增强30天最短持有期1号理财产品,3,最短持有30天,1.036846
2026-04-27,FLJYXC6001,法巴农银理财珐琅金策略优选60天最短持有期1号理财产品,3,最短持有60天,1.01565
2026-04-27,ZNZQCY050,汇华理财趋势指南一个月最短持有固收类理财产品050期,4,最短持有30天,1.0108
2026-04-28,TC3X00100N,平安理财-天天成长3号现金管理类人民币净值型理财产品N,2,长期,1.0
2026-04-28,QTCG03002E,平安理财启元添利（30天持有）2号固收类理财产品E,3,最短持有30天,1.0574
2026-04-28,LWCG00702B,平安理财灵活成长汇稳日开7天持有2号固收类理财产品B,3,最短持有7天,1.034
2026-04-28,PY2HCY010,汇华理财-时间朋友美元六个月持有固收类理财产品010期,3,最短持有180天,1.0048
2026-04-28,LCYSRK16C,渤银理财理财有术系列晨夕盈16 号固收日开理财产品,3,长期,1.015349
2026-04-28,LCYSRK18A,渤银理财理财有术系列晨夕盈18 号固收日开理财产品,3,长期,1.020396
2026-04-28,LCYS7CY02A,渤银理财理财有术系列持盈7天最短持有期固收理财产品2号,3,最短持有7天,1.033759
2026-04-28,LC180CYZ2C,渤银理财理财有术持盈增利180天最短持有期固收2号理财产品C,3,最短持有180天,1.021722
2026-04-28,LC365CY01D,渤银理财理财有术持盈365天最短持有期固收1号理财产品D,3,最短持有365天,1.043109
2026-04-28,QTCG09001D,平安理财启元添利（90天持有）1号固收类理财产品D,3,最短持有90天,1.0799
2026-04-28,LWCG02801F,平安理财灵活成长汇稳28天持有固收类理财产品F,3,最短持有28天,1.0582
2026-04-28,LWCG01401G,平安理财灵活成长汇稳日开14天持有1号固收类理财产品G,3,最短持有14天,1.0465
2026-04-28,FLJZQC3001,法巴农银理财珐琅金固收增强30天最短持有期1号理财产品,3,最短持有30天,1.037079
2026-04-28,FLJYXC6001,法巴农银理财珐琅金策略优选60天最短持有期1号理财产品,3,最短持有60天,1.015654
2026-04-28,ZNZQCY050,汇华理财趋势指南一个月最短持有固收类理财产品050期,4,最短持有30天,1.0111
2026-04-29,TC3X00100N,平安理财-天天成长3号现金管理类人民币净值型理财产品N,2,长期,1.0
2026-04-29,QTCG03002E,平安理财启元添利（30天持有）2号固收类理财产品E,3,最短持有30天,1.0576
2026-04-29,LWCG00702B,平安理财灵活成长汇稳日开7天持有2号固收类理财产品B,3,最短持有7天,1.034
2026-04-29,PY2HCY010,汇华理财-时间朋友美元六个月持有固收类理财产品010期,3,最短持有180天,1.0049
2026-04-29,LCYSRK16C,渤银理财理财有术系列晨夕盈16 号固收日开理财产品,3,长期,1.015433
2026-04-29,LCYSRK18A,渤银理财理财有术系列晨夕盈18 号固收日开理财产品,3,长期,1.02045
2026-04-29,LCYS7CY02A,渤银理财理财有术系列持盈7天最短持有期固收理财产品2号,3,最短持有7天,1.033845
2026-04-29,LC180CYZ2C,渤银理财理财有术持盈增利180天最短持有期固收2号理财产品C,3,最短持有180天,1.021905
2026-04-29,LC365CY01D,渤银理财理财有术持盈365天最短持有期固收1号理财产品D,3,最短持有365天,1.043109
2026-04-29,QTCG09001D,平安理财启元添利（90天持有）1号固收类理财产品D,3,最短持有90天,1.0802
2026-04-29,LWCG02801F,平安理财灵活成长汇稳28天持有固收类理财产品F,3,最短持有28天,1.0582
2026-04-29,LWCG01401G,平安理财灵活成长汇稳日开14天持有1号固收类理财产品G,3,最短持有14天,1.0466
2026-04-29,FLJZQC3001,法巴农银理财珐琅金固收增强30天最短持有期1号理财产品,3,最短持有30天,1.036206
2026-04-29,FLJYXC6001,法巴农银理财珐琅金策略优选60天最短持有期1号理财产品,3,最短持有60天,1.016638
2026-04-29,ZNZQCY050,汇华理财趋势指南一个月最短持有固收类理财产品050期,4,最短持有30天,1.011
2026-04-30,QTCG03002E,平安理财启元添利（30天持有）2号固收类理财产品E,3,最短持有30天,1.0576
2026-04-30,LWCG00702B,平安理财灵活成长汇稳日开7天持有2号固收类理财产品B,3,最短持有7天,1.034
2026-04-30,PY2HCY010,汇华理财-时间朋友美元六个月持有固收类理财产品010期,3,最短持有180天,1.005
2026-04-30,LCYSRK16C,渤银理财理财有术系列晨夕盈16 号固收日开理财产品,3,长期,1.015478
2026-04-30,LCYSRK18A,渤银理财理财有术系列晨夕盈18 号固收日开理财产品,3,长期,1.020504
2026-04-30,LCYS7CY02A,渤银理财理财有术系列持盈7天最短持有期固收理财产品2号,3,最短持有7天,1.034049
2026-04-30,LC180CYZ2C,渤银理财理财有术持盈增利180天最短持有期固收2号理财产品C,3,最短持有180天,1.021934
2026-04-30,LC365CY01D,渤银理财理财有术持盈365天最短持有期固收1号理财产品D,3,最短持有365天,1.043201
2026-04-30,QTCG09001D,平安理财启元添利（90天持有）1号固收类理财产品D,3,最短持有90天,1.0802
2026-04-30,LWCG02801F,平安理财灵活成长汇稳28天持有固收类理财产品F,3,最短持有28天,1.0583
2026-04-30,LWCG01401G,平安理财灵活成长汇稳日开14天持有1号固收类理财产品G,3,最短持有14天,1.0467
2026-04-30,FLJZQC3001,法巴农银理财珐琅金固收增强30天最短持有期1号理财产品,3,最短持有30天,1.037314
2026-04-30,FLJYXC6001,法巴农银理财珐琅金策略优选60天最短持有期1号理财产品,3,最短持有60天,1.016695
2026-04-30,ZNZQCY050,汇华理财趋势指南一个月最短持有固收类理财产品050期,4,最短持有30天,1.0106
2026-05-05,TC3X00100N,平安理财-天天成长3号现金管理类人民币净值型理财产品N,2,长期,1.0
2026-05-06,TC3X00100N,平安理财-天天成长3号现金管理类人民币净值型理财产品N,2,长期,1.0
2026-05-06,QTCG03002E,平安理财启元添利（30天持有）2号固收类理财产品E,3,最短持有30天,1.0578
2026-05-06,LWCG00702B,平安理财灵活成长汇稳日开7天持有2号固收类理财产品B,3,最短持有7天,1.0343
2026-05-06,PY2HCY010,汇华理财-时间朋友美元六个月持有固收类理财产品010期,3,最短持有180天,1.0055
2026-05-06,LCYSRK16C,渤银理财理财有术系列晨夕盈16 号固收日开理财产品,3,长期,1.015624
2026-05-06,LCYSRK18A,渤银理财理财有术系列晨夕盈18 号固收日开理财产品,3,长期,1.020692
2026-05-06,LCYS7CY02A,渤银理财理财有术系列持盈7天最短持有期固收理财产品2号,3,最短持有7天,1.034208
2026-05-06,LC180CYZ2C,渤银理财理财有术持盈增利180天最短持有期固收2号理财产品C,3,最短持有180天,1.02215
2026-05-06,LC365CY01D,渤银理财理财有术持盈365天最短持有期固收1号理财产品D,3,最短持有365天,1.043748
2026-05-06,QTCG09001D,平安理财启元添利（90天持有）1号固收类理财产品D,3,最短持有90天,1.0803
2026-05-06,LWCG02801F,平安理财灵活成长汇稳28天持有固收类理财产品F,3,最短持有28天,1.0586
2026-05-06,LWCG01401G,平安理财灵活成长汇稳日开14天持有1号固收类理财产品G,3,最短持有14天,1.047
2026-05-06,FLJZQC3001,法巴农银理财珐琅金固收增强30天最短持有期1号理财产品,3,最短持有30天,1.038556
2026-05-06,FLJYXC6001,法巴农银理财珐琅金策略优选60天最短持有期1号理财产品,3,最短持有60天,1.016827
2026-05-06,ZNZQCY050,汇华理财趋势指南一个月最短持有固收类理财产品050期,4,最短持有30天,1.0119
2026-05-07,TC3X00100N,平安理财-天天成长3号现金管理类人民币净值型理财产品N,2,长期,1.0
2026-05-07,QTCG03002E,平安理财启元添利（30天持有）2号固收类理财产品E,3,最短持有30天,1.0578
2026-05-07,LWCG00702B,平安理财灵活成长汇稳日开7天持有2号固收类理财产品B,3,最短持有7天,1.0344
2026-05-07,PY2HCY010,汇华理财-时间朋友美元六个月持有固收类理财产品010期,3,最短持有180天,1.0056
2026-05-07,LCYSRK16C,渤银理财理财有术系列晨夕盈16 号固收日开理财产品,3,长期,1.015707
2026-05-07,LCYSRK18A,渤银理财理财有术系列晨夕盈18 号固收日开理财产品,3,长期,1.020768
2026-05-07,LCYS7CY02A,渤银理财理财有术系列持盈7天最短持有期固收理财产品2号,3,最短持有7天,1.03425
2026-05-07,LC180CYZ2C,渤银理财理财有术持盈增利180天最短持有期固收2号理财产品C,3,最短持有180天,1.022304
2026-05-07,LC365CY01D,渤银理财理财有术持盈365天最短持有期固收1号理财产品D,3,最短持有365天,1.044298
2026-05-07,QTCG09001D,平安理财启元添利（90天持有）1号固收类理财产品D,3,最短持有90天,1.0804
2026-05-07,LWCG02801F,平安理财灵活成长汇稳28天持有固收类理财产品F,3,最短持有28天,1.0587
2026-05-07,LWCG01401G,平安理财灵活成长汇稳日开14天持有1号固收类理财产品G,3,最短持有14天,1.0471
2026-05-07,FLJZQC3001,法巴农银理财珐琅金固收增强30天最短持有期1号理财产品,3,最短持有30天,1.040853
2026-05-07,FLJYXC6001,法巴农银理财珐琅金策略优选60天最短持有期1号理财产品,3,最短持有60天,1.017504
2026-05-07,ZNZQCY050,汇华理财趋势指南一个月最短持有固收类理财产品050期,4,最短持有30天,1.0129
2026-05-08,QTCG03002E,平安理财启元添利（30天持有）2号固收类理财产品E,3,最短持有30天,1.0579
2026-05-08,LWCG00702B,平安理财灵活成长汇稳日开7天持有2号固收类理财产品B,3,最短持有7天,1.0344
2026-05-08,PY2HCY010,汇华理财-时间朋友美元六个月持有固收类理财产品010期,3,最短持有180天,1.0057
2026-05-08,LCYSRK16C,渤银理财理财有术系列晨夕盈16 号固收日开理财产品,3,长期,1.015754
2026-05-08,LCYSRK18A,渤银理财理财有术系列晨夕盈18 号固收日开理财产品,3,长期,1.020815
2026-05-08,LCYS7CY02A,渤银理财理财有术系列持盈7天最短持有期固收理财产品2号,3,最短持有7天,1.034321
2026-05-08,LC180CYZ2C,渤银理财理财有术持盈增利180天最短持有期固收2号理财产品C,3,最短持有180天,1.022369
2026-05-08,LC365CY01D,渤银理财理财有术持盈365天最短持有期固收1号理财产品D,3,最短持有365天,1.044402
2026-05-08,QTCG09001D,平安理财启元添利（90天持有）1号固收类理财产品D,3,最短持有90天,1.0805
2026-05-08,LWCG02801F,平安理财灵活成长汇稳28天持有固收类理财产品F,3,最短持有28天,1.0587
2026-05-08,LWCG01401G,平安理财灵活成长汇稳日开14天持有1号固收类理财产品G,3,最短持有14天,1.0471
2026-05-08,FLJZQC3001,法巴农银理财珐琅金固收增强30天最短持有期1号理财产品,3,最短持有30天,1.041289
2026-05-08,FLJYXC6001,法巴农银理财珐琅金策略优选60天最短持有期1号理财产品,3,最短持有60天,1.017525
2026-05-08,ZNZQCY050,汇华理财趋势指南一个月最短持有固收类理财产品050期,4,最短持有30天,1.0127
2026-05-10,TC3X00100N,平安理财-天天成长3号现金管理类人民币净值型理财产品N,2,长期,1.0
2026-05-11,TC3X00100N,平安理财-天天成长3号现金管理类人民币净值型理财产品N,2,长期,1.0
2026-05-11,QTCG03002E,平安理财启元添利（30天持有）2号固收类理财产品E,3,最短持有30天,1.0581
2026-05-11,LWCG00702B,平安理财灵活成长汇稳日开7天持有2号固收类理财产品B,3,最短持有7天,1.0345
2026-05-11,PY2HCY010,汇华理财-时间朋友美元六个月持有固收类理财产品010期,3,最短持有180天,1.006
2026-05-11,LCYSRK16C,渤银理财理财有术系列晨夕盈16 号固收日开理财产品,3,长期,1.015849
2026-05-11,LCYSRK18A,渤银理财理财有术系列晨夕盈18 号固收日开理财产品,3,长期,1.020914
2026-05-11,LCYS7CY02A,渤银理财理财有术系列持盈7天最短持有期固收理财产品2号,3,最短持有7天,1.034426
2026-05-11,LC180CYZ2C,渤银理财理财有术持盈增利180天最短持有期固收2号理财产品C,3,最短持有180天,1.022582
2026-05-11,LC365CY01D,渤银理财理财有术持盈365天最短持有期固收1号理财产品D,3,最短持有365天,1.044842
2026-05-11,QTCG09001D,平安理财启元添利（90天持有）1号固收类理财产品D,3,最短持有90天,1.0807
2026-05-11,LWCG02801F,平安理财灵活成长汇稳28天持有固收类理财产品F,3,最短持有28天,1.0588
2026-05-11,LWCG01401G,平安理财灵活成长汇稳日开14天持有1号固收类理财产品G,3,最短持有14天,1.0473
2026-05-11,FLJZQC3001,法巴农银理财珐琅金固收增强30天最短持有期1号理财产品,3,最短持有30天,1.041348
2026-05-11,FLJYXC6001,法巴农银理财珐琅金策略优选60天最短持有期1号理财产品,3,最短持有60天,1.017599
2026-05-11,ZNZQCY050,汇华理财趋势指南一个月最短持有固收类理财产品050期,4,最短持有30天,1.0123
2026-05-12,TC3X00100N,平安理财-天天成长3号现金管理类人民币净值型理财产品N,2,长期,1.0
2026-05-12,QTCG03002E,平安理财启元添利（30天持有）2号固收类理财产品E,3,最短持有30天,1.0582
2026-05-12,LWCG00702B,平安理财灵活成长汇稳日开7天持有2号固收类理财产品B,3,最短持有7天,1.0345
2026-05-12,PY2HCY010,汇华理财-时间朋友美元六个月持有固收类理财产品010期,3,最短持有180天,1.0061
2026-05-12,LCYSRK16C,渤银理财理财有术系列晨夕盈16 号固收日开理财产品,3,长期,1.015928
2026-05-12,LCYSRK18A,渤银理财理财有术系列晨夕盈18 号固收日开理财产品,3,长期,1.020976
2026-05-12,LCYS7CY02A,渤银理财理财有术系列持盈7天最短持有期固收理财产品2号,3,最短持有7天,1.034501
2026-05-12,LC180CYZ2C,渤银理财理财有术持盈增利180天最短持有期固收2号理财产品C,3,最短持有180天,1.022641
2026-05-12,LC365CY01D,渤银理财理财有术持盈365天最短持有期固收1号理财产品D,3,最短持有365天,1.044929
2026-05-12,QTCG09001D,平安理财启元添利（90天持有）1号固收类理财产品D,3,最短持有90天,1.0808
2026-05-12,LWCG02801F,平安理财灵活成长汇稳28天持有固收类理财产品F,3,最短持有28天,1.0589
2026-05-12,LWCG01401G,平安理财灵活成长汇稳日开14天持有1号固收类理财产品G,3,最短持有14天,1.0474
2026-05-12,FLJZQC3001,法巴农银理财珐琅金固收增强30天最短持有期1号理财产品,3,最短持有30天,1.041785
2026-05-12,FLJYXC6001,法巴农银理财珐琅金策略优选60天最短持有期1号理财产品,3,最短持有60天,1.017623
2026-05-12,ZNZQCY050,汇华理财趋势指南一个月最短持有固收类理财产品050期,4,最短持有30天,1.0123
2026-05-13,TC3X00100N,平安理财-天天成长3号现金管理类人民币净值型理财产品N,2,长期,1.0
2026-05-13,QTCG03002E,平安理财启元添利（30天持有）2号固收类理财产品E,3,最短持有30天,1.0583
2026-05-13,LWCG00702B,平安理财灵活成长汇稳日开7天持有2号固收类理财产品B,3,最短持有7天,1.0345
2026-05-13,PY2HCY010,汇华理财-时间朋友美元六个月持有固收类理财产品010期,3,最短持有180天,1.0062
2026-05-13,LCYSRK16C,渤银理财理财有术系列晨夕盈16 号固收日开理财产品,3,长期,1.016006
2026-05-13,LCYSRK18A,渤银理财理财有术系列晨夕盈18 号固收日开理财产品,3,长期,1.021033
2026-05-13,LCYS7CY02A,渤银理财理财有术系列持盈7天最短持有期固收理财产品2号,3,最短持有7天,1.03459
2026-05-13,LC180CYZ2C,渤银理财理财有术持盈增利180天最短持有期固收2号理财产品C,3,最短持有180天,1.022896
2026-05-13,LC365CY01D,渤银理财理财有术持盈365天最短持有期固收1号理财产品D,3,最短持有365天,1.045344
2026-05-13,QTCG09001D,平安理财启元添利（90天持有）1号固收类理财产品D,3,最短持有90天,1.081
2026-05-13,LWCG02801F,平安理财灵活成长汇稳28天持有固收类理财产品F,3,最短持有28天,1.0589
2026-05-13,LWCG01401G,平安理财灵活成长汇稳日开14天持有1号固收类理财产品G,3,最短持有14天,1.0475
2026-05-13,FLJZQC3001,法巴农银理财珐琅金固收增强30天最短持有期1号理财产品,3,最短持有30天,1.039862
2026-05-13,FLJYXC6001,法巴农银理财珐琅金策略优选60天最短持有期1号理财产品,3,最短持有60天,1.017619
2026-05-13,ZNZQCY050,汇华理财趋势指南一个月最短持有固收类理财产品050期,4,最短持有30天,1.0113
2026-05-14,TC3X00100N,平安理财-天天成长3号现金管理类人民币净值型理财产品N,2,长期,1.0
2026-05-14,QTCG03002E,平安理财启元添利（30天持有）2号固收类理财产品E,3,最短持有30天,1.0584
2026-05-14,LWCG00702B,平安理财灵活成长汇稳日开7天持有2号固收类理财产品B,3,最短持有7天,1.0345
2026-05-14,PY2HCY010,汇华理财-时间朋友美元六个月持有固收类理财产品010期,3,最短持有180天,1.0063
2026-05-14,LCYSRK16C,渤银理财理财有术系列晨夕盈16 号固收日开理财产品,3,长期,1.016047
2026-05-14,LCYSRK18A,渤银理财理财有术系列晨夕盈18 号固收日开理财产品,3,长期,1.021085
2026-05-14,LCYS7CY02A,渤银理财理财有术系列持盈7天最短持有期固收理财产品2号,3,最短持有7天,1.034653
2026-05-14,LC180CYZ2C,渤银理财理财有术持盈增利180天最短持有期固收2号理财产品C,3,最短持有180天,1.022771
2026-05-14,LC365CY01D,渤银理财理财有术持盈365天最短持有期固收1号理财产品D,3,最短持有365天,1.044915
2026-05-14,QTCG09001D,平安理财启元添利（90天持有）1号固收类理财产品D,3,最短持有90天,1.0808
2026-05-14,LWCG02801F,平安理财灵活成长汇稳28天持有固收类理财产品F,3,最短持有28天,1.0589
2026-05-14,LWCG01401G,平安理财灵活成长汇稳日开14天持有1号固收类理财产品G,3,最短持有14天,1.0475
2026-05-14,FLJZQC3001,法巴农银理财珐琅金固收增强30天最短持有期1号理财产品,3,最短持有30天,1.039838
2026-05-14,FLJYXC6001,法巴农银理财珐琅金策略优选60天最短持有期1号理财产品,3,最短持有60天,1.017619
2026-05-15,QTCG03002E,平安理财启元添利（30天持有）2号固收类理财产品E,3,最短持有30天,1.0584
2026-05-15,LWCG00702B,平安理财灵活成长汇稳日开7天持有2号固收类理财产品B,3,最短持有7天,1.0345
2026-05-15,PY2HCY010,汇华理财-时间朋友美元六个月持有固收类理财产品010期,3,最短持有180天,1.0063
2026-05-15,LCYSRK16C,渤银理财理财有术系列晨夕盈16 号固收日开理财产品,3,长期,1.016074
2026-05-15,LCYSRK18A,渤银理财理财有术系列晨夕盈18 号固收日开理财产品,3,长期,1.021112
2026-05-15,LCYS7CY02A,渤银理财理财有术系列持盈7天最短持有期固收理财产品2号,3,最短持有7天,1.034712
2026-05-15,LC180CYZ2C,渤银理财理财有术持盈增利180天最短持有期固收2号理财产品C,3,最短持有180天,1.022675
2026-05-15,LC365CY01D,渤银理财理财有术持盈365天最短持有期固收1号理财产品D,3,最短持有365天,1.044863
2026-05-15,QTCG09001D,平安理财启元添利（90天持有）1号固收类理财产品D,3,最短持有90天,1.0808
2026-05-15,LWCG02801F,平安理财灵活成长汇稳28天持有固收类理财产品F,3,最短持有28天,1.0589
2026-05-15,LWCG01401G,平安理财灵活成长汇稳日开14天持有1号固收类理财产品G,3,最短持有14天,1.0476
2026-05-15,FLJZQC3001,法巴农银理财珐琅金固收增强30天最短持有期1号理财产品,3,最短持有30天,1.041274
2026-05-15,FLJYXC6001,法巴农银理财珐琅金策略优选60天最短持有期1号理财产品,3,最短持有60天,1.019452
2026-05-15,ZNZQCY050,汇华理财趋势指南一个月最短持有固收类理财产品050期,4,最短持有30天,1.0119
2026-05-17,TC3X00100N,平安理财-天天成长3号现金管理类人民币净值型理财产品N,2,长期,1.0
2026-05-18,TC3X00100N,平安理财-天天成长3号现金管理类人民币净值型理财产品N,2,长期,1.0
2026-05-18,QTCG03002E,平安理财启元添利（30天持有）2号固收类理财产品E,3,最短持有30天,1.0586
2026-05-18,LWCG00702B,平安理财灵活成长汇稳日开7天持有2号固收类理财产品B,3,最短持有7天,1.0345
2026-05-18,PY2HCY010,汇华理财-时间朋友美元六个月持有固收类理财产品010期,3,最短持有180天,1.0066
2026-05-18,LCYSRK16C,渤银理财理财有术系列晨夕盈16 号固收日开理财产品,3,长期,1.016187
2026-05-18,LCYSRK18A,渤银理财理财有术系列晨夕盈18 号固收日开理财产品,3,长期,1.021202
2026-05-18,LCYS7CY02A,渤银理财理财有术系列持盈7天最短持有期固收理财产品2号,3,最短持有7天,1.034823
2026-05-18,LC180CYZ2C,渤银理财理财有术持盈增利180天最短持有期固收2号理财产品C,3,最短持有180天,1.022815
2026-05-18,LC365CY01D,渤银理财理财有术持盈365天最短持有期固收1号理财产品D,3,最短持有365天,1.045116
2026-05-18,QTCG09001D,平安理财启元添利（90天持有）1号固收类理财产品D,3,最短持有90天,1.081
2026-05-18,LWCG02801F,平安理财灵活成长汇稳28天持有固收类理财产品F,3,最短持有28天,1.059
2026-05-18,LWCG01401G,平安理财灵活成长汇稳日开14天持有1号固收类理财产品G,3,最短持有14天,1.0478
2026-05-18,FLJZQC3001,法巴农银理财珐琅金固收增强30天最短持有期1号理财产品,3,最短持有30天,1.040307
2026-05-18,FLJYXC6001,法巴农银理财珐琅金策略优选60天最短持有期1号理财产品,3,最短持有60天,1.019999
2026-05-18,ZNZQCY050,汇华理财趋势指南一个月最短持有固收类理财产品050期,4,最短持有30天,1.0108
2026-05-19,TC3X00100N,平安理财-天天成长3号现金管理类人民币净值型理财产品N,2,长期,1.0
2026-05-19,QTCG03002E,平安理财启元添利（30天持有）2号固收类理财产品E,3,最短持有30天,1.0587
2026-05-19,LWCG00702B,平安理财灵活成长汇稳日开7天持有2号固收类理财产品B,3,最短持有7天,1.0346
2026-05-19,PY2HCY010,汇华理财-时间朋友美元六个月持有固收类理财产品010期,3,最短持有180天,1.0067
2026-05-19,LCYSRK16C,渤银理财理财有术系列晨夕盈16 号固收日开理财产品,3,长期,1.016301
2026-05-19,LCYSRK18A,渤银理财理财有术系列晨夕盈18 号固收日开理财产品,3,长期,1.021263
2026-05-19,LCYS7CY02A,渤银理财理财有术系列持盈7天最短持有期固收理财产品2号,3,最短持有7天,1.0349
2026-05-19,LC180CYZ2C,渤银理财理财有术持盈增利180天最短持有期固收2号理财产品C,3,最短持有180天,1.023058
2026-05-19,LC365CY01D,渤银理财理财有术持盈365天最短持有期固收1号理财产品D,3,最短持有365天,1.045492
2026-05-19,QTCG09001D,平安理财启元添利（90天持有）1号固收类理财产品D,3,最短持有90天,1.0814
2026-05-19,LWCG02801F,平安理财灵活成长汇稳28天持有固收类理财产品F,3,最短持有28天,1.059
2026-05-19,LWCG01401G,平安理财灵活成长汇稳日开14天持有1号固收类理财产品G,3,最短持有14天,1.0478
2026-05-19,FLJZQC3001,法巴农银理财珐琅金固收增强30天最短持有期1号理财产品,3,最短持有30天,1.039663
2026-05-19,FLJYXC6001,法巴农银理财珐琅金策略优选60天最短持有期1号理财产品,3,最短持有60天,1.019998
2026-05-19,ZNZQCY050,汇华理财趋势指南一个月最短持有固收类理财产品050期,4,最短持有30天,1.011
2026-05-20,TC3X00100N,平安理财-天天成长3号现金管理类人民币净值型理财产品N,2,长期,1.0
2026-05-20,QTCG03002E,平安理财启元添利（30天持有）2号固收类理财产品E,3,最短持有30天,1.0588
2026-05-20,LWCG00702B,平安理财灵活成长汇稳日开7天持有2号固收类理财产品B,3,最短持有7天,1.0346
2026-05-20,PY2HCY010,汇华理财-时间朋友美元六个月持有固收类理财产品010期,3,最短持有180天,1.0068
2026-05-20,LCYSRK16C,渤银理财理财有术系列晨夕盈16 号固收日开理财产品,3,长期,1.016366
2026-05-20,LCYSRK18A,渤银理财理财有术系列晨夕盈18 号固收日开理财产品,3,长期,1.021318
2026-05-20,LCYS7CY02A,渤银理财理财有术系列持盈7天最短持有期固收理财产品2号,3,最短持有7天,1.034967
2026-05-20,LC180CYZ2C,渤银理财理财有术持盈增利180天最短持有期固收2号理财产品C,3,最短持有180天,1.023133
2026-05-20,LC365CY01D,渤银理财理财有术持盈365天最短持有期固收1号理财产品D,3,最短持有365天,1.045624
2026-05-20,QTCG09001D,平安理财启元添利（90天持有）1号固收类理财产品D,3,最短持有90天,1.0814
2026-05-20,LWCG02801F,平安理财灵活成长汇稳28天持有固收类理财产品F,3,最短持有28天,1.0592
2026-05-20,LWCG01401G,平安理财灵活成长汇稳日开14天持有1号固收类理财产品G,3,最短持有14天,1.0479
2026-05-20,FLJZQC3001,法巴农银理财珐琅金固收增强30天最短持有期1号理财产品,3,最短持有30天,1.038943
2026-05-20,FLJYXC6001,法巴农银理财珐琅金策略优选60天最短持有期1号理财产品,3,最短持有60天,1.019998
2026-05-20,ZNZQCY050,汇华理财趋势指南一个月最短持有固收类理财产品050期,4,最短持有30天,1.0108
2026-05-21,TC3X00100N,平安理财-天天成长3号现金管理类人民币净值型理财产品N,2,长期,1.0
2026-05-21,QTCG03002E,平安理财启元添利（30天持有）2号固收类理财产品E,3,最短持有30天,1.0589
2026-05-21,LWCG00702B,平安理财灵活成长汇稳日开7天持有2号固收类理财产品B,3,最短持有7天,1.0347
2026-05-21,LCYSRK16C,渤银理财理财有术系列晨夕盈16 号固收日开理财产品,3,长期,1.016397
2026-05-21,LCYSRK18A,渤银理财理财有术系列晨夕盈18 号固收日开理财产品,3,长期,1.021359
2026-05-21,LCYS7CY02A,渤银理财理财有术系列持盈7天最短持有期固收理财产品2号,3,最短持有7天,1.035024
2026-05-21,LC180CYZ2C,渤银理财理财有术持盈增利180天最短持有期固收2号理财产品C,3,最短持有180天,1.022953
2026-05-21,LC365CY01D,渤银理财理财有术持盈365天最短持有期固收1号理财产品D,3,最短持有365天,1.045232
2026-05-21,QTCG09001D,平安理财启元添利（90天持有）1号固收类理财产品D,3,最短持有90天,1.0814
2026-05-21,LWCG02801F,平安理财灵活成长汇稳28天持有固收类理财产品F,3,最短持有28天,1.0592
2026-05-21,LWCG01401G,平安理财灵活成长汇稳日开14天持有1号固收类理财产品G,3,最短持有14天,1.0479
2026-05-21,FLJZQC3001,法巴农银理财珐琅金固收增强30天最短持有期1号理财产品,3,最短持有30天,1.040439
2026-05-21,FLJYXC6001,法巴农银理财珐琅金策略优选60天最短持有期1号理财产品,3,最短持有60天,1.020017
2026-05-21,FLQGSC9001,法巴农银理财珐琅青固定收益类90天最短持有期1号理财产品,3,最短持有90天,1.042988
2026-05-21,PY2HCY010,汇华理财-时间朋友美元六个月持有固收类理财产品010期,3,最短持有180天,1.0069
2026-05-21,ZNZQCY050,汇华理财趋势指南一个月最短持有固收类理财产品050期,4,最短持有30天,1.0117
2026-05-22,QTCG03002E,平安理财启元添利（30天持有）2号固收类理财产品E,3,最短持有30天,1.0589
2026-05-22,LWCG00702B,平安理财灵活成长汇稳日开7天持有2号固收类理财产品B,3,最短持有7天,1.0347
2026-05-22,LCYSRK16C,渤银理财理财有术系列晨夕盈16 号固收日开理财产品,3,长期,1.016432
2026-05-22,LCYSRK18A,渤银理财理财有术系列晨夕盈18 号固收日开理财产品,3,长期,1.021395
2026-05-22,LCYS7CY02A,渤银理财理财有术系列持盈7天最短持有期固收理财产品2号,3,最短持有7天,1.035086
2026-05-22,LC180CYZ2C,渤银理财理财有术持盈增利180天最短持有期固收2号理财产品C,3,最短持有180天,1.023098
2026-05-22,LC365CY01D,渤银理财理财有术持盈365天最短持有期固收1号理财产品D,3,最短持有365天,1.045717
2026-05-22,QTCG09001D,平安理财启元添利（90天持有）1号固收类理财产品D,3,最短持有90天,1.0814
2026-05-22,LWCG02801F,平安理财灵活成长汇稳28天持有固收类理财产品F,3,最短持有28天,1.0592
2026-05-22,LWCG01401G,平安理财灵活成长汇稳日开14天持有1号固收类理财产品G,3,最短持有14天,1.048
2026-05-22,FLJZQC3001,法巴农银理财珐琅金固收增强30天最短持有期1号理财产品,3,最短持有30天,1.040263
2026-05-22,FLJYXC6001,法巴农银理财珐琅金策略优选60天最短持有期1号理财产品,3,最短持有60天,1.021793
2026-05-22,FLQGSC9001,法巴农银理财珐琅青固定收益类90天最短持有期1号理财产品,3,最短持有90天,1.043013
2026-05-22,PY2HCY010,汇华理财-时间朋友美元六个月持有固收类理财产品010期,3,最短持有180天,1.007
2026-05-22,ZNZQCY050,汇华理财趋势指南一个月最短持有固收类理财产品050期,4,最短持有30天,1.0119
2026-05-24,TC3X00100N,平安理财-天天成长3号现金管理类人民币净值型理财产品N,2,长期,1.0
2026-05-25,TC3X00100N,平安理财-天天成长3号现金管理类人民币净值型理财产品N,2,长期,1.0
2026-05-25,QTCG03002E,平安理财启元添利（30天持有）2号固收类理财产品E,3,最短持有30天,1.0591
2026-05-25,LWCG00702B,平安理财灵活成长汇稳日开7天持有2号固收类理财产品B,3,最短持有7天,1.0348
2026-05-25,LCYSRK16C,渤银理财理财有术系列晨夕盈16 号固收日开理财产品,3,长期,1.01656
2026-05-25,LCYSRK18A,渤银理财理财有术系列晨夕盈18 号固收日开理财产品,3,长期,1.021521
2026-05-25,LCYS7CY02A,渤银理财理财有术系列持盈7天最短持有期固收理财产品2号,3,最短持有7天,1.035186
2026-05-25,LC180CYZ2C,渤银理财理财有术持盈增利180天最短持有期固收2号理财产品C,3,最短持有180天,1.023362
2026-05-25,LC365CY01D,渤银理财理财有术持盈365天最短持有期固收1号理财产品D,3,最短持有365天,1.045946
2026-05-25,QTCG09001D,平安理财启元添利（90天持有）1号固收类理财产品D,3,最短持有90天,1.0816
2026-05-25,LWCG02801F,平安理财灵活成长汇稳28天持有固收类理财产品F,3,最短持有28天,1.0594
2026-05-25,LWCG01401G,平安理财灵活成长汇稳日开14天持有1号固收类理财产品G,3,最短持有14天,1.0482
2026-05-25,FLJZQC3001,法巴农银理财珐琅金固收增强30天最短持有期1号理财产品,3,最短持有30天,1.040195
2026-05-25,FLJYXC6001,法巴农银理财珐琅金策略优选60天最短持有期1号理财产品,3,最短持有60天,1.021809
2026-05-25,FLQGSC9001,法巴农银理财珐琅青固定收益类90天最短持有期1号理财产品,3,最短持有90天,1.043171
2026-05-26,TC3X00100N,平安理财-天天成长3号现金管理类人民币净值型理财产品N,2,长期,1.0
2026-05-26,QTCG03002E,平安理财启元添利（30天持有）2号固收类理财产品E,3,最短持有30天,1.0593
2026-05-26,LWCG00702B,平安理财灵活成长汇稳日开7天持有2号固收类理财产品B,3,最短持有7天,1.0349
2026-05-26,PY2HCY010,汇华理财-时间朋友美元六个月持有固收类理财产品010期,3,最短持有180天,1.0074
2026-05-26,LCYSRK16C,渤银理财理财有术系列晨夕盈16 号固收日开理财产品,3,长期,1.016663
2026-05-26,LCYSRK18A,渤银理财理财有术系列晨夕盈18 号固收日开理财产品,3,长期,1.021606
2026-05-26,LCYS7CY02A,渤银理财理财有术系列持盈7天最短持有期固收理财产品2号,3,最短持有7天,1.035277
2026-05-26,LC180CYZ2C,渤银理财理财有术持盈增利180天最短持有期固收2号理财产品C,3,最短持有180天,1.023439
2026-05-26,LC365CY01D,渤银理财理财有术持盈365天最短持有期固收1号理财产品D,3,最短持有365天,1.046013
2026-05-26,QTCG09001D,平安理财启元添利（90天持有）1号固收类理财产品D,3,最短持有90天,1.0818
2026-05-26,LWCG02801F,平安理财灵活成长汇稳28天持有固收类理财产品F,3,最短持有28天,1.0595
2026-05-26,LWCG01401G,平安理财灵活成长汇稳日开14天持有1号固收类理财产品G,3,最短持有14天,1.0483
2026-05-26,FLJZQC3001,法巴农银理财珐琅金固收增强30天最短持有期1号理财产品,3,最短持有30天,1.041741
2026-05-26,FLJYXC6001,法巴农银理财珐琅金策略优选60天最短持有期1号理财产品,3,最短持有60天,1.021828
2026-05-26,FLQGSC9001,法巴农银理财珐琅青固定收益类90天最短持有期1号理财产品,3,最短持有90天,1.043243
2026-05-26,ZNZQCY050,汇华理财趋势指南一个月最短持有固收类理财产品050期,4,最短持有30天,1.0129
2026-05-27,TC3X00100N,平安理财-天天成长3号现金管理类人民币净值型理财产品N,2,长期,1.0
2026-05-27,QTCG03002E,平安理财启元添利（30天持有）2号固收类理财产品E,3,最短持有30天,1.0594
2026-05-27,LWCG00702B,平安理财灵活成长汇稳日开7天持有2号固收类理财产品B,3,最短持有7天,1.0351
2026-05-27,PY2HCY010,汇华理财-时间朋友美元六个月持有固收类理财产品010期,3,最短持有180天,1.0075
2026-05-27,LCYSRK16C,渤银理财理财有术系列晨夕盈16 号固收日开理财产品,3,长期,1.016739
2026-05-27,LCYSRK18A,渤银理财理财有术系列晨夕盈18 号固收日开理财产品,3,长期,1.021669
2026-05-27,LCYS7CY02A,渤银理财理财有术系列持盈7天最短持有期固收理财产品2号,3,最短持有7天,1.035358
2026-05-27,LC180CYZ2C,渤银理财理财有术持盈增利180天最短持有期固收2号理财产品C,3,最短持有180天,1.023574
2026-05-27,LC365CY01D,渤银理财理财有术持盈365天最短持有期固收1号理财产品D,3,最短持有365天,1.046231
2026-05-27,QTCG09001D,平安理财启元添利（90天持有）1号固收类理财产品D,3,最短持有90天,1.0819
2026-05-27,LWCG02801F,平安理财灵活成长汇稳28天持有固收类理财产品F,3,最短持有28天,1.0596
2026-05-27,LWCG01401G,平安理财灵活成长汇稳日开14天持有1号固收类理财产品G,3,最短持有14天,1.0484
2026-05-27,FLJZQC3001,法巴农银理财珐琅金固收增强30天最短持有期1号理财产品,3,最短持有30天,1.042977
2026-05-27,FLJYXC6001,法巴农银理财珐琅金策略优选60天最短持有期1号理财产品,3,最短持有60天,1.02258
2026-05-27,FLQGSC9001,法巴农银理财珐琅青固定收益类90天最短持有期1号理财产品,3,最短持有90天,1.043367
2026-05-28,TC3X00100N,平安理财-天天成长3号现金管理类人民币净值型理财产品N,2,长期,1.0
2026-05-28,QTCG03002E,平安理财启元添利（30天持有）2号固收类理财产品E,3,最短持有30天,1.0595
2026-05-28,LWCG00702B,平安理财灵活成长汇稳日开7天持有2号固收类理财产品B,3,最短持有7天,1.0351
2026-05-28,PY2HCY010,汇华理财-时间朋友美元六个月持有固收类理财产品010期,3,最短持有180天,1.0076
2026-05-28,LCYSRK16C,渤银理财理财有术系列晨夕盈16 号固收日开理财产品,3,长期,1.016828
2026-05-28,LCYSRK18A,渤银理财理财有术系列晨夕盈18 号固收日开理财产品,3,长期,1.02173
2026-05-28,LCYS7CY02A,渤银理财理财有术系列持盈7天最短持有期固收理财产品2号,3,最短持有7天,1.035463
2026-05-28,LC180CYZ2C,渤银理财理财有术持盈增利180天最短持有期固收2号理财产品C,3,最短持有180天,1.023794
2026-05-28,LC365CY01D,渤银理财理财有术持盈365天最短持有期固收1号理财产品D,3,最短持有365天,1.046334
2026-05-28,QTCG09001D,平安理财启元添利（90天持有）1号固收类理财产品D,3,最短持有90天,1.0822
2026-05-28,LWCG02801F,平安理财灵活成长汇稳28天持有固收类理财产品F,3,最短持有28天,1.0597
2026-05-28,LWCG01401G,平安理财灵活成长汇稳日开14天持有1号固收类理财产品G,3,最短持有14天,1.0484
2026-05-28,FLJZQC3001,法巴农银理财珐琅金固收增强30天最短持有期1号理财产品,3,最短持有30天,1.042924
2026-05-28,FLJYXC6001,法巴农银理财珐琅金策略优选60天最短持有期1号理财产品,3,最短持有60天,1.022579
2026-05-28,FLQGSC9001,法巴农银理财珐琅青固定收益类90天最短持有期1号理财产品,3,最短持有90天,1.043479
2026-05-28,ZNZQCY050,汇华理财趋势指南一个月最短持有固收类理财产品050期,4,最短持有30天,1.0135
2026-05-29,QTCG03002E,平安理财启元添利（30天持有）2号固收类理财产品E,3,最短持有30天,1.0597
2026-05-29,LWCG00702B,平安理财灵活成长汇稳日开7天持有2号固收类理财产品B,3,最短持有7天,1.0352
2026-05-29,PY2HCY010,汇华理财-时间朋友美元六个月持有固收类理财产品010期,3,最短持有180天,1.0077
2026-05-29,LCYSRK16C,渤银理财理财有术系列晨夕盈16 号固收日开理财产品,3,长期,1.016913
2026-05-29,LCYSRK18A,渤银理财理财有术系列晨夕盈18 号固收日开理财产品,3,长期,1.021796
2026-05-29,LCYS7CY02A,渤银理财理财有术系列持盈7天最短持有期固收理财产品2号,3,最短持有7天,1.035546
2026-05-29,LC180CYZ2C,渤银理财理财有术持盈增利180天最短持有期固收2号理财产品C,3,最短持有180天,1.023925
2026-05-29,LC365CY01D,渤银理财理财有术持盈365天最短持有期固收1号理财产品D,3,最短持有365天,1.046495
2026-05-29,QTCG09001D,平安理财启元添利（90天持有）1号固收类理财产品D,3,最短持有90天,1.0824
2026-05-29,LWCG02801F,平安理财灵活成长汇稳28天持有固收类理财产品F,3,最短持有28天,1.0597
2026-05-29,LWCG01401G,平安理财灵活成长汇稳日开14天持有1号固收类理财产品G,3,最短持有14天,1.0485
2026-05-29,FLJZQC3001,法巴农银理财珐琅金固收增强30天最短持有期1号理财产品,3,最短持有30天,1.043394
2026-05-29,FLJYXC6001,法巴农银理财珐琅金策略优选60天最短持有期1号理财产品,3,最短持有60天,1.023051
2026-05-29,FLQGSC9001,法巴农银理财珐琅青固定收益类90天最短持有期1号理财产品,3,最短持有90天,1.043585
2026-05-29,ZNZQCY050,汇华理财趋势指南一个月最短持有固收类理财产品050期,4,最短持有30天,1.0134
2026-05-31,TC3X00100N,平安理财-天天成长3号现金管理类人民币净值型理财产品N,2,长期,1.0
2026-06-01,TC3X00100N,平安理财-天天成长3号现金管理类人民币净值型理财产品N,2,长期,1.0
2026-06-01,QTCG03002E,平安理财启元添利（30天持有）2号固收类理财产品E,3,最短持有30天,1.0599
2026-06-01,LWCG00702B,平安理财灵活成长汇稳日开7天持有2号固收类理财产品B,3,最短持有7天,1.0353
2026-06-01,PY2HCY010,汇华理财-时间朋友美元六个月持有固收类理财产品010期,3,最短持有180天,1.008
2026-06-01,LCYSRK16C,渤银理财理财有术系列晨夕盈16 号固收日开理财产品,3,长期,1.01704
2026-06-01,LCYSRK18A,渤银理财理财有术系列晨夕盈18 号固收日开理财产品,3,长期,1.021913
2026-06-01,LCYS7CY02A,渤银理财理财有术系列持盈7天最短持有期固收理财产品2号,3,最短持有7天,1.035681
2026-06-01,LC180CYZ2C,渤银理财理财有术持盈增利180天最短持有期固收2号理财产品C,3,最短持有180天,1.024
2026-06-01,LC365CY01D,渤银理财理财有术持盈365天最短持有期固收1号理财产品D,3,最短持有365天,1.046581
2026-06-01,QTCG09001D,平安理财启元添利（90天持有）1号固收类理财产品D,3,最短持有90天,1.0827
2026-06-01,LWCG02801F,平安理财灵活成长汇稳28天持有固收类理财产品F,3,最短持有28天,1.0599
2026-06-01,LWCG01401G,平安理财灵活成长汇稳日开14天持有1号固收类理财产品G,3,最短持有14天,1.0486
2026-06-01,FLJZQC3001,法巴农银理财珐琅金固收增强30天最短持有期1号理财产品,3,最短持有30天,1.044326
2026-06-01,FLJYXC6001,法巴农银理财珐琅金策略优选60天最短持有期1号理财产品,3,最短持有60天,1.023115
2026-06-01,FLQGSC9001,法巴农银理财珐琅青固定收益类90天最短持有期1号理财产品,3,最短持有90天,1.04374
2026-06-02,TC3X00100N,平安理财-天天成长3号现金管理类人民币净值型理财产品N,2,长期,1.0
2026-06-02,QTCG03002E,平安理财启元添利（30天持有）2号固收类理财产品E,3,最短持有30天,1.06
2026-06-02,LWCG00702B,平安理财灵活成长汇稳日开7天持有2号固收类理财产品B,3,最短持有7天,1.0354
2026-06-02,PY2HCY010,汇华理财-时间朋友美元六个月持有固收类理财产品010期,3,最短持有180天,1.0081
2026-06-02,LCYSRK16C,渤银理财理财有术系列晨夕盈16 号固收日开理财产品,3,长期,1.017115
2026-06-02,LCYSRK18A,渤银理财理财有术系列晨夕盈18 号固收日开理财产品,3,长期,1.021964
2026-06-02,LCYS7CY02A,渤银理财理财有术系列持盈7天最短持有期固收理财产品2号,3,最短持有7天,1.035785
2026-06-02,LC180CYZ2C,渤银理财理财有术持盈增利180天最短持有期固收2号理财产品C,3,最短持有180天,1.024214
2026-06-02,LC365CY01D,渤银理财理财有术持盈365天最短持有期固收1号理财产品D,3,最短持有365天,1.046774
2026-06-02,QTCG09001D,平安理财启元添利（90天持有）1号固收类理财产品D,3,最短持有90天,1.0829
2026-06-02,LWCG02801F,平安理财灵活成长汇稳28天持有固收类理财产品F,3,最短持有28天,1.0599
2026-06-02,LWCG01401G,平安理财灵活成长汇稳日开14天持有1号固收类理财产品G,3,最短持有14天,1.0487
2026-06-02,FLJZQC3001,法巴农银理财珐琅金固收增强30天最短持有期1号理财产品,3,最短持有30天,1.044423
2026-06-02,FLJYXC6001,法巴农银理财珐琅金策略优选60天最短持有期1号理财产品,3,最短持有60天,1.023118
2026-06-02,FLQGSC9001,法巴农银理财珐琅青固定收益类90天最短持有期1号理财产品,3,最短持有90天,1.043838
2026-06-02,ZNZQCY050,汇华理财趋势指南一个月最短持有固收类理财产品050期,4,最短持有30天,1.0137
2026-06-03,TC3X00100N,平安理财-天天成长3号现金管理类人民币净值型理财产品N,2,长期,1.0
2026-06-03,QTCG03002E,平安理财启元添利（30天持有）2号固收类理财产品E,3,最短持有30天,1.06
2026-06-03,LWCG00702B,平安理财灵活成长汇稳日开7天持有2号固收类理财产品B,3,最短持有7天,1.0354
2026-06-03,PY2HCY010,汇华理财-时间朋友美元六个月持有固收类理财产品010期,3,最短持有180天,1.0082
2026-06-03,LCYSRK16C,渤银理财理财有术系列晨夕盈16 号固收日开理财产品,3,长期,1.017175
2026-06-03,LCYSRK18A,渤银理财理财有术系列晨夕盈18 号固收日开理财产品,3,长期,1.022017
2026-06-03,LCYS7CY02A,渤银理财理财有术系列持盈7天最短持有期固收理财产品2号,3,最短持有7天,1.03584
2026-06-03,LC180CYZ2C,渤银理财理财有术持盈增利180天最短持有期固收2号理财产品C,3,最短持有180天,1.024358
2026-06-03,LC365CY01D,渤银理财理财有术持盈365天最短持有期固收1号理财产品D,3,最短持有365天,1.046946
2026-06-03,QTCG09001D,平安理财启元添利（90天持有）1号固收类理财产品D,3,最短持有90天,1.0829
2026-06-03,LWCG02801F,平安理财灵活成长汇稳28天持有固收类理财产品F,3,最短持有28天,1.06
2026-06-03,LWCG01401G,平安理财灵活成长汇稳日开14天持有1号固收类理财产品G,3,最短持有14天,1.0488
2026-06-03,FLJZQC3001,法巴农银理财珐琅金固收增强30天最短持有期1号理财产品,3,最短持有30天,1.044861
2026-06-03,FLJYXC6001,法巴农银理财珐琅金策略优选60天最短持有期1号理财产品,3,最短持有60天,1.023114
2026-06-03,FLQGSC9001,法巴农银理财珐琅青固定收益类90天最短持有期1号理财产品,3,最短持有90天,1.043892
2026-06-03,ZNZQCY050,汇华理财趋势指南一个月最短持有固收类理财产品050期,4,最短持有30天,1.0141
2026-06-04,TC3X00100N,平安理财-天天成长3号现金管理类人民币净值型理财产品N,2,长期,1.0
2026-06-04,QTCG03002E,平安理财启元添利（30天持有）2号固收类理财产品E,3,最短持有30天,1.0601
2026-06-04,LWCG00702B,平安理财灵活成长汇稳日开7天持有2号固收类理财产品B,3,最短持有7天,1.0354
2026-06-04,PY2HCY010,汇华理财-时间朋友美元六个月持有固收类理财产品010期,3,最短持有180天,1.0083
2026-06-04,LCYSRK16C,渤银理财理财有术系列晨夕盈16 号固收日开理财产品,3,长期,1.017232
2026-06-04,LCYSRK18A,渤银理财理财有术系列晨夕盈18 号固收日开理财产品,3,长期,1.022077
2026-06-04,LCYS7CY02A,渤银理财理财有术系列持盈7天最短持有期固收理财产品2号,3,最短持有7天,1.035924
2026-06-04,LC180CYZ2C,渤银理财理财有术持盈增利180天最短持有期固收2号理财产品C,3,最短持有180天,1.024423
2026-06-04,LC365CY01D,渤银理财理财有术持盈365天最短持有期固收1号理财产品D,3,最短持有365天,1.047047
2026-06-04,QTCG09001D,平安理财启元添利（90天持有）1号固收类理财产品D,3,最短持有90天,1.0829
2026-06-04,LWCG02801F,平安理财灵活成长汇稳28天持有固收类理财产品F,3,最短持有28天,1.06
2026-06-04,LWCG01401G,平安理财灵活成长汇稳日开14天持有1号固收类理财产品G,3,最短持有14天,1.0489
2026-06-04,FLJZQC3001,法巴农银理财珐琅金固收增强30天最短持有期1号理财产品,3,最短持有30天,1.044028
2026-06-04,FLJYXC6001,法巴农银理财珐琅金策略优选60天最短持有期1号理财产品,3,最短持有60天,1.023114
2026-06-04,FLQGSC9001,法巴农银理财珐琅青固定收益类90天最短持有期1号理财产品,3,最短持有90天,1.043933
2026-06-04,ZNZQCY050,汇华理财趋势指南一个月最短持有固收类理财产品050期,4,最短持有30天,1.0138
2026-06-05,QTCG03002E,平安理财启元添利（30天持有）2号固收类理财产品E,3,最短持有30天,1.0601
2026-06-05,LWCG00702B,平安理财灵活成长汇稳日开7天持有2号固收类理财产品B,3,最短持有7天,1.0354
2026-06-05,PY2HCY010,汇华理财-时间朋友美元六个月持有固收类理财产品010期,3,最短持有180天,1.0084
2026-06-05,LCYSRK16C,渤银理财理财有术系列晨夕盈16 号固收日开理财产品,3,长期,1.017263
2026-06-05,LCYSRK18A,渤银理财理财有术系列晨夕盈18 号固收日开理财产品,3,长期,1.022112
2026-06-05,LCYS7CY02A,渤银理财理财有术系列持盈7天最短持有期固收理财产品2号,3,最短持有7天,1.035971
2026-06-05,LC180CYZ2C,渤银理财理财有术持盈增利180天最短持有期固收2号理财产品C,3,最短持有180天,1.024373
2026-06-05,LC365CY01D,渤银理财理财有术持盈365天最短持有期固收1号理财产品D,3,最短持有365天,1.046811
2026-06-05,QTCG09001D,平安理财启元添利（90天持有）1号固收类理财产品D,3,最短持有90天,1.0829
2026-06-05,LWCG02801F,平安理财灵活成长汇稳28天持有固收类理财产品F,3,最短持有28天,1.06
2026-06-05,LWCG01401G,平安理财灵活成长汇稳日开14天持有1号固收类理财产品G,3,最短持有14天,1.0489
2026-06-05,FLJZQC3001,法巴农银理财珐琅金固收增强30天最短持有期1号理财产品,3,最短持有30天,1.043783
2026-06-05,FLJYXC6001,法巴农银理财珐琅金策略优选60天最短持有期1号理财产品,3,最短持有60天,1.023787
2026-06-05,FLQGSC9001,法巴农银理财珐琅青固定收益类90天最短持有期1号理财产品,3,最短持有90天,1.043947
2026-06-05,ZNZQCY050,汇华理财趋势指南一个月最短持有固收类理财产品050期,4,最短持有30天,1.0139
2026-06-07,TC3X00100N,平安理财-天天成长3号现金管理类人民币净值型理财产品N,2,长期,1.0
2026-06-08,TC3X00100N,平安理财-天天成长3号现金管理类人民币净值型理财产品N,2,长期,1.0
2026-06-08,QTCG03002E,平安理财启元添利（30天持有）2号固收类理财产品E,3,最短持有30天,1.0601
2026-06-08,LWCG00702B,平安理财灵活成长汇稳日开7天持有2号固收类理财产品B,3,最短持有7天,1.0355
2026-06-08,PY2HCY010,汇华理财-时间朋友美元六个月持有固收类理财产品010期,3,最短持有180天,1.0086
2026-06-08,LCYSRK16C,渤银理财理财有术系列晨夕盈16 号固收日开理财产品,3,长期,1.017286
2026-06-08,LCYSRK18A,渤银理财理财有术系列晨夕盈18 号固收日开理财产品,3,长期,1.022194
2026-06-08,LCYS7CY02A,渤银理财理财有术系列持盈7天最短持有期固收理财产品2号,3,最短持有7天,1.036043
2026-06-08,LC180CYZ2C,渤银理财理财有术持盈增利180天最短持有期固收2号理财产品C,3,最短持有180天,1.024157
2026-06-08,LC365CY01D,渤银理财理财有术持盈365天最短持有期固收1号理财产品D,3,最短持有365天,1.046103
2026-06-08,QTCG09001D,平安理财启元添利（90天持有）1号固收类理财产品D,3,最短持有90天,1.0828
2026-06-08,LWCG02801F,平安理财灵活成长汇稳28天持有固收类理财产品F,3,最短持有28天,1.0601
2026-06-08,LWCG01401G,平安理财灵活成长汇稳日开14天持有1号固收类理财产品G,3,最短持有14天,1.0491
2026-06-08,FLJZQC3001,法巴农银理财珐琅金固收增强30天最短持有期1号理财产品,3,最短持有30天,1.041994
2026-06-08,FLJYXC6001,法巴农银理财珐琅金策略优选60天最短持有期1号理财产品,3,最短持有60天,1.024126
2026-06-08,FLQGSC9001,法巴农银理财珐琅青固定收益类90天最短持有期1号理财产品,3,最短持有90天,1.04398
2026-06-08,ZNZQCY050,汇华理财趋势指南一个月最短持有固收类理财产品050期,4,最短持有30天,1.0134
2026-06-09,TC3X00100N,平安理财-天天成长3号现金管理类人民币净值型理财产品N,2,长期,1.0
2026-06-09,QTCG03002E,平安理财启元添利（30天持有）2号固收类理财产品E,3,最短持有30天,1.06
2026-06-09,LWCG00702B,平安理财灵活成长汇稳日开7天持有2号固收类理财产品B,3,最短持有7天,1.0355
2026-06-09,PY2HCY010,汇华理财-时间朋友美元六个月持有固收类理财产品010期,3,最短持有180天,1.0087
2026-06-09,LCYSRK16C,渤银理财理财有术系列晨夕盈16 号固收日开理财产品,3,长期,1.017303
2026-06-09,LCYSRK18A,渤银理财理财有术系列晨夕盈18 号固收日开理财产品,3,长期,1.022206
2026-06-09,LCYS7CY02A,渤银理财理财有术系列持盈7天最短持有期固收理财产品2号,3,最短持有7天,1.03609
2026-06-09,LC180CYZ2C,渤银理财理财有术持盈增利180天最短持有期固收2号理财产品C,3,最短持有180天,1.024233
2026-06-09,LC365CY01D,渤银理财理财有术持盈365天最短持有期固收1号理财产品D,3,最短持有365天,1.046509
2026-06-09,QTCG09001D,平安理财启元添利（90天持有）1号固收类理财产品D,3,最短持有90天,1.0826
2026-06-09,LWCG02801F,平安理财灵活成长汇稳28天持有固收类理财产品F,3,最短持有28天,1.0601
2026-06-09,LWCG01401G,平安理财灵活成长汇稳日开14天持有1号固收类理财产品G,3,最短持有14天,1.0491
2026-06-09,FLJZQC3001,法巴农银理财珐琅金固收增强30天最短持有期1号理财产品,3,最短持有30天,1.041068
2026-06-09,FLJYXC6001,法巴农银理财珐琅金策略优选60天最短持有期1号理财产品,3,最短持有60天,1.024158
2026-06-09,FLQGSC9001,法巴农银理财珐琅青固定收益类90天最短持有期1号理财产品,3,最短持有90天,1.04394
2026-06-09,ZNZQCY050,汇华理财趋势指南一个月最短持有固收类理财产品050期,4,最短持有30天,1.0126
2026-06-10,TC3X00100N,平安理财-天天成长3号现金管理类人民币净值型理财产品N,2,长期,1.0
2026-06-10,QTCG03002E,平安理财启元添利（30天持有）2号固收类理财产品E,3,最短持有30天,1.06
2026-06-10,LWCG00702B,平安理财灵活成长汇稳日开7天持有2号固收类理财产品B,3,最短持有7天,1.0355
2026-06-10,PY2HCY010,汇华理财-时间朋友美元六个月持有固收类理财产品010期,3,最短持有180天,1.0088
2026-06-10,LCYSRK16C,渤银理财理财有术系列晨夕盈16 号固收日开理财产品,3,长期,1.01732
2026-06-10,LCYSRK18A,渤银理财理财有术系列晨夕盈18 号固收日开理财产品,3,长期,1.022236
2026-06-10,LCYS7CY02A,渤银理财理财有术系列持盈7天最短持有期固收理财产品2号,3,最短持有7天,1.036054
2026-06-10,LC180CYZ2C,渤银理财理财有术持盈增利180天最短持有期固收2号理财产品C,3,最短持有180天,1.024031
2026-06-10,LC365CY01D,渤银理财理财有术持盈365天最短持有期固收1号理财产品D,3,最短持有365天,1.046054
2026-06-10,QTCG09001D,平安理财启元添利（90天持有）1号固收类理财产品D,3,最短持有90天,1.0823
2026-06-10,LWCG02801F,平安理财灵活成长汇稳28天持有固收类理财产品F,3,最短持有28天,1.0601
2026-06-10,LWCG01401G,平安理财灵活成长汇稳日开14天持有1号固收类理财产品G,3,最短持有14天,1.0491
2026-06-10,FLJZQC3001,法巴农银理财珐琅金固收增强30天最短持有期1号理财产品,3,最短持有30天,1.039741
2026-06-10,FLJYXC6001,法巴农银理财珐琅金策略优选60天最短持有期1号理财产品,3,最短持有60天,1.024186
2026-06-10,FLQGSC9001,法巴农银理财珐琅青固定收益类90天最短持有期1号理财产品,3,最短持有90天,1.043862
2026-06-10,ZNZQCY050,汇华理财趋势指南一个月最短持有固收类理财产品050期,4,最短持有30天,1.0124
2026-06-11,TC3X00100N,平安理财-天天成长3号现金管理类人民币净值型理财产品N,2,长期,1.0
2026-06-11,QTCG03002E,平安理财启元添利（30天持有）2号固收类理财产品E,3,最短持有30天,1.0598
2026-06-11,LWCG00702B,平安理财灵活成长汇稳日开7天持有2号固收类理财产品B,3,最短持有7天,1.0355
2026-06-11,PY2HCY010,汇华理财-时间朋友美元六个月持有固收类理财产品010期,3,最短持有180天,1.0089
2026-06-11,LCYSRK16C,渤银理财理财有术系列晨夕盈16 号固收日开理财产品,3,长期,1.017263
2026-06-11,LCYSRK18A,渤银理财理财有术系列晨夕盈18 号固收日开理财产品,3,长期,1.022199
2026-06-11,LCYS7CY02A,渤银理财理财有术系列持盈7天最短持有期固收理财产品2号,3,最短持有7天,1.035979
2026-06-11,LC180CYZ2C,渤银理财理财有术持盈增利180天最短持有期固收2号理财产品C,3,最短持有180天,1.023774
2026-06-11,LC365CY01D,渤银理财理财有术持盈365天最短持有期固收1号理财产品D,3,最短持有365天,1.045847
2026-06-11,QTCG09001D,平安理财启元添利（90天持有）1号固收类理财产品D,3,最短持有90天,1.082
2026-06-11,LWCG02801F,平安理财灵活成长汇稳28天持有固收类理财产品F,3,最短持有28天,1.0602
2026-06-11,LWCG01401G,平安理财灵活成长汇稳日开14天持有1号固收类理财产品G,3,最短持有14天,1.0491
2026-06-11,FLJZQC3001,法巴农银理财珐琅金固收增强30天最短持有期1号理财产品,3,最短持有30天,1.039071
2026-06-11,FLJYXC6001,法巴农银理财珐琅金策略优选60天最短持有期1号理财产品,3,最短持有60天,1.024577
2026-06-11,FLQGSC9001,法巴农银理财珐琅青固定收益类90天最短持有期1号理财产品,3,最短持有90天,1.043684
2026-06-11,ZNZQCY050,汇华理财趋势指南一个月最短持有固收类理财产品050期,4,最短持有30天,1.0124
2026-06-12,QTCG03002E,平安理财启元添利（30天持有）2号固收类理财产品E,3,最短持有30天,1.0598
2026-06-12,LWCG00702B,平安理财灵活成长汇稳日开7天持有2号固收类理财产品B,3,最短持有7天,1.0355
2026-06-12,PY2HCY010,汇华理财-时间朋友美元六个月持有固收类理财产品010期,3,最短持有180天,1.009
2026-06-12,LCYSRK16C,渤银理财理财有术系列晨夕盈16 号固收日开理财产品,3,长期,1.017276
2026-06-12,LCYSRK18A,渤银理财理财有术系列晨夕盈18 号固收日开理财产品,3,长期,1.022214
2026-06-12,LCYS7CY02A,渤银理财理财有术系列持盈7天最短持有期固收理财产品2号,3,最短持有7天,1.035963
2026-06-12,LC180CYZ2C,渤银理财理财有术持盈增利180天最短持有期固收2号理财产品C,3,最短持有180天,1.023817
2026-06-12,LC365CY01D,渤银理财理财有术持盈365天最短持有期固收1号理财产品D,3,最短持有365天,1.045919
2026-06-12,QTCG09001D,平安理财启元添利（90天持有）1号固收类理财产品D,3,最短持有90天,1.0821
2026-06-12,LWCG02801F,平安理财灵活成长汇稳28天持有固收类理财产品F,3,最短持有28天,1.0602
2026-06-12,LWCG01401G,平安理财灵活成长汇稳日开14天持有1号固收类理财产品G,3,最短持有14天,1.0492
2026-06-12,FLJZQC3001,法巴农银理财珐琅金固收增强30天最短持有期1号理财产品,3,最短持有30天,1.038794
2026-06-12,FLJYXC6001,法巴农银理财珐琅金策略优选60天最短持有期1号理财产品,3,最短持有60天,1.024592
2026-06-12,FLQGSC9001,法巴农银理财珐琅青固定收益类90天最短持有期1号理财产品,3,最短持有90天,1.043638
2026-06-12,ZNZQCY050,汇华理财趋势指南一个月最短持有固收类理财产品050期,4,最短持有30天,1.0131
2026-06-14,TC3X00100N,平安理财-天天成长3号现金管理类人民币净值型理财产品N,2,长期,1.0
2026-06-15,TC3X00100N,平安理财-天天成长3号现金管理类人民币净值型理财产品N,2,长期,1.0
2026-06-15,QTCG03002E,平安理财启元添利（30天持有）2号固收类理财产品E,3,最短持有30天,1.0599
2026-06-15,LWCG00702B,平安理财灵活成长汇稳日开7天持有2号固收类理财产品B,3,最短持有7天,1.0357
2026-06-15,PY2HCY010,汇华理财-时间朋友美元六个月持有固收类理财产品010期,3,最短持有180天,1.0093
2026-06-15,LCYSRK16C,渤银理财理财有术系列晨夕盈16 号固收日开理财产品,3,长期,1.017391
2026-06-15,LCYSRK18A,渤银理财理财有术系列晨夕盈18 号固收日开理财产品,3,长期,1.022329
2026-06-15,LCYS7CY02A,渤银理财理财有术系列持盈7天最短持有期固收理财产品2号,3,最短持有7天,1.036038
2026-06-15,LC180CYZ2C,渤银理财理财有术持盈增利180天最短持有期固收2号理财产品C,3,最短持有180天,1.024169
2026-06-15,LC365CY01D,渤银理财理财有术持盈365天最短持有期固收1号理财产品D,3,最短持有365天,1.04681
2026-06-15,YCYDTJY03H,渤银理财银储有道系列添金盈现金管理理财3号,2,长期,1.0
2026-06-15,QTCG09001D,平安理财启元添利（90天持有）1号固收类理财产品D,3,最短持有90天,1.0822
2026-06-15,LWCG02801F,平安理财灵活成长汇稳28天持有固收类理财产品F,3,最短持有28天,1.0603
2026-06-15,LWCG01401G,平安理财灵活成长汇稳日开14天持有1号固收类理财产品G,3,最短持有14天,1.0493
2026-06-15,FLJZQC3001,法巴农银理财珐琅金固收增强30天最短持有期1号理财产品,3,最短持有30天,1.041478
2026-06-15,FLJYXC6001,法巴农银理财珐琅金策略优选60天最短持有期1号理财产品,3,最短持有60天,1.024981
2026-06-15,FLQGSC9001,法巴农银理财珐琅青固定收益类90天最短持有期1号理财产品,3,最短持有90天,1.043754
2026-06-15,ZNZQCY050,汇华理财趋势指南一个月最短持有固收类理财产品050期,4,最短持有30天,1.0145
2026-06-16,TC3X00100N,平安理财-天天成长3号现金管理类人民币净值型理财产品N,2,长期,1.0
2026-06-16,QTCG03002E,平安理财启元添利（30天持有）2号固收类理财产品E,3,最短持有30天,1.06
2026-06-16,LWCG00702B,平安理财灵活成长汇稳日开7天持有2号固收类理财产品B,3,最短持有7天,1.0357
2026-06-16,PY2HCY010,汇华理财-时间朋友美元六个月持有固收类理财产品010期,3,最短持有180天,1.0093
2026-06-16,LCYSRK16C,渤银理财理财有术系列晨夕盈16 号固收日开理财产品,3,长期,1.017479
2026-06-16,LCYSRK18A,渤银理财理财有术系列晨夕盈18 号固收日开理财产品,3,长期,1.022402
2026-06-16,LCYS7CY02A,渤银理财理财有术系列持盈7天最短持有期固收理财产品2号,3,最短持有7天,1.036131
2026-06-16,LC180CYZ2C,渤银理财理财有术持盈增利180天最短持有期固收2号理财产品C,3,最短持有180天,1.024433
2026-06-16,LC365CY01D,渤银理财理财有术持盈365天最短持有期固收1号理财产品D,3,最短持有365天,1.047111
2026-06-16,YCYDTJY03H,渤银理财银储有道系列添金盈现金管理理财3号,2,长期,1.0
2026-06-16,QTCG09001D,平安理财启元添利（90天持有）1号固收类理财产品D,3,最短持有90天,1.0824
2026-06-16,LWCG02801F,平安理财灵活成长汇稳28天持有固收类理财产品F,3,最短持有28天,1.0604
2026-06-16,LWCG01401G,平安理财灵活成长汇稳日开14天持有1号固收类理财产品G,3,最短持有14天,1.0494
2026-06-16,FLJZQC3001,法巴农银理财珐琅金固收增强30天最短持有期1号理财产品,3,最短持有30天,1.043599
2026-06-16,FLJYXC6001,法巴农银理财珐琅金策略优选60天最短持有期1号理财产品,3,最短持有60天,1.025017
2026-06-16,FLQGSC9001,法巴农银理财珐琅青固定收益类90天最短持有期1号理财产品,3,最短持有90天,1.043824
2026-06-16,ZNZQCY050,汇华理财趋势指南一个月最短持有固收类理财产品050期,4,最短持有30天,1.0152
2026-06-17,TC3X00100N,平安理财-天天成长3号现金管理类人民币净值型理财产品N,2,长期,1.0
2026-06-17,QTCG03002E,平安理财启元添利（30天持有）2号固收类理财产品E,3,最短持有30天,1.0601
2026-06-17,LWCG00702B,平安理财灵活成长汇稳日开7天持有2号固收类理财产品B,3,最短持有7天,1.0358
2026-06-17,PY2HCY010,汇华理财-时间朋友美元六个月持有固收类理财产品010期,3,最短持有180天,1.0094
2026-06-17,LCYSRK16C,渤银理财理财有术系列晨夕盈16 号固收日开理财产品,3,长期,1.017557
2026-06-17,LCYSRK18A,渤银理财理财有术系列晨夕盈18 号固收日开理财产品,3,长期,1.022466
2026-06-17,LCYS7CY02A,渤银理财理财有术系列持盈7天最短持有期固收理财产品2号,3,最短持有7天,1.036218
2026-06-17,LC180CYZ2C,渤银理财理财有术持盈增利180天最短持有期固收2号理财产品C,3,最短持有180天,1.024557
2026-06-17,LC365CY01D,渤银理财理财有术持盈365天最短持有期固收1号理财产品D,3,最短持有365天,1.047412
2026-06-17,YCYDTJY03H,渤银理财银储有道系列添金盈现金管理理财3号,2,长期,1.0
2026-06-17,QTCG09001D,平安理财启元添利（90天持有）1号固收类理财产品D,3,最短持有90天,1.0825
2026-06-17,LWCG02801F,平安理财灵活成长汇稳28天持有固收类理财产品F,3,最短持有28天,1.0604
2026-06-17,LWCG01401G,平安理财灵活成长汇稳日开14天持有1号固收类理财产品G,3,最短持有14天,1.0495
2026-06-17,FLJZQC3001,法巴农银理财珐琅金固收增强30天最短持有期1号理财产品,3,最短持有30天,1.043526
2026-06-17,FLJYXC6001,法巴农银理财珐琅金策略优选60天最短持有期1号理财产品,3,最短持有60天,1.02502
2026-06-17,FLQGSC9001,法巴农银理财珐琅青固定收益类90天最短持有期1号理财产品,3,最短持有90天,1.04396
2026-06-17,ZNZQCY050,汇华理财趋势指南一个月最短持有固收类理财产品050期,4,最短持有30天,1.0152
2026-06-18,QTCG03002E,平安理财启元添利（30天持有）2号固收类理财产品E,3,最短持有30天,1.0602
2026-06-18,LWCG00702B,平安理财灵活成长汇稳日开7天持有2号固收类理财产品B,3,最短持有7天,1.0358
2026-06-18,PY2HCY010,汇华理财-时间朋友美元六个月持有固收类理财产品010期,3,最短持有180天,1.0095
2026-06-18,LCYSRK16C,渤银理财理财有术系列晨夕盈16 号固收日开理财产品,3,长期,1.017656
2026-06-18,LCYSRK18A,渤银理财理财有术系列晨夕盈18 号固收日开理财产品,3,长期,1.022554
2026-06-18,LCYS7CY02A,渤银理财理财有术系列持盈7天最短持有期固收理财产品2号,3,最短持有7天,1.036321
2026-06-18,LC180CYZ2C,渤银理财理财有术持盈增利180天最短持有期固收2号理财产品C,3,最短持有180天,1.024795
2026-06-18,LC365CY01D,渤银理财理财有术持盈365天最短持有期固收1号理财产品D,3,最短持有365天,1.047709
2026-06-18,QTCG09001D,平安理财启元添利（90天持有）1号固收类理财产品D,3,最短持有90天,1.0826
2026-06-18,LWCG02801F,平安理财灵活成长汇稳28天持有固收类理财产品F,3,最短持有28天,1.0605
2026-06-18,LWCG01401G,平安理财灵活成长汇稳日开14天持有1号固收类理财产品G,3,最短持有14天,1.0495
2026-06-18,FLJZQC3001,法巴农银理财珐琅金固收增强30天最短持有期1号理财产品,3,最短持有30天,1.043226
2026-06-18,FLJYXC6001,法巴农银理财珐琅金策略优选60天最短持有期1号理财产品,3,最短持有60天,1.025016
2026-06-18,FLQGSC9001,法巴农银理财珐琅青固定收益类90天最短持有期1号理财产品,3,最短持有90天,1.044065
2026-06-18,ZNZQCY050,汇华理财趋势指南一个月最短持有固收类理财产品050期,4,最短持有30天,1.0146
2026-06-21,TC3X00100N,平安理财-天天成长3号现金管理类人民币净值型理财产品N,2,长期,1.0
2026-06-21,YCYDTJY03H,渤银理财银储有道系列添金盈现金管理理财3号,2,长期,1.0
2026-06-22,TC3X00100N,平安理财-天天成长3号现金管理类人民币净值型理财产品N,2,长期,1.0
2026-06-22,QTCG03002E,平安理财启元添利（30天持有）2号固收类理财产品E,3,最短持有30天,1.0603
2026-06-22,LWCG00702B,平安理财灵活成长汇稳日开7天持有2号固收类理财产品B,3,最短持有7天,1.0359
2026-06-22,PY2HCY010,汇华理财-时间朋友美元六个月持有固收类理财产品010期,3,最短持有180天,1.0098
2026-06-22,LCYSRK16C,渤银理财理财有术系列晨夕盈16 号固收日开理财产品,3,长期,1.01784
2026-06-22,LCYSRK18A,渤银理财理财有术系列晨夕盈18 号固收日开理财产品,3,长期,1.022713
2026-06-22,LCYS7CY02A,渤银理财理财有术系列持盈7天最短持有期固收理财产品2号,3,最短持有7天,1.036454
2026-06-22,LC180CYZ2C,渤银理财理财有术持盈增利180天最短持有期固收2号理财产品C,3,最短持有180天,1.025007
2026-06-22,LC365CY01D,渤银理财理财有术持盈365天最短持有期固收1号理财产品D,3,最短持有365天,1.04818
2026-06-22,YCYDTJY03H,渤银理财银储有道系列添金盈现金管理理财3号,2,长期,1.0
2026-06-22,QTCG09001D,平安理财启元添利（90天持有）1号固收类理财产品D,3,最短持有90天,1.0827
2026-06-22,LWCG02801F,平安理财灵活成长汇稳28天持有固收类理财产品F,3,最短持有28天,1.0606
2026-06-22,LWCG01401G,平安理财灵活成长汇稳日开14天持有1号固收类理财产品G,3,最短持有14天,1.0497
2026-06-22,FLJZQC3001,法巴农银理财珐琅金固收增强30天最短持有期1号理财产品,3,最短持有30天,1.043319
2026-06-22,FLJYXC6001,法巴农银理财珐琅金策略优选60天最短持有期1号理财产品,3,最短持有60天,1.025025
2026-06-22,FLQGSC9001,法巴农银理财珐琅青固定收益类90天最短持有期1号理财产品,3,最短持有90天,1.044207
2026-06-22,ZNZQCY050,汇华理财趋势指南一个月最短持有固收类理财产品050期,4,最短持有30天,1.0151
2026-06-23,TC3X00100N,平安理财-天天成长3号现金管理类人民币净值型理财产品N,2,长期,1.0
2026-06-23,QTCG03002E,平安理财启元添利（30天持有）2号固收类理财产品E,3,最短持有30天,1.0603
2026-06-23,LWCG00702B,平安理财灵活成长汇稳日开7天持有2号固收类理财产品B,3,最短持有7天,1.0359
2026-06-23,PY2HCY010,汇华理财-时间朋友美元六个月持有固收类理财产品010期,3,最短持有180天,1.0099
2026-06-23,LCYSRK16C,渤银理财理财有术系列晨夕盈16 号固收日开理财产品,3,长期,1.01787
2026-06-23,LCYSRK18A,渤银理财理财有术系列晨夕盈18 号固收日开理财产品,3,长期,1.022749
2026-06-23,LCYS7CY02A,渤银理财理财有术系列持盈7天最短持有期固收理财产品2号,3,最短持有7天,1.036529
2026-06-23,LC180CYZ2C,渤银理财理财有术持盈增利180天最短持有期固收2号理财产品C,3,最短持有180天,1.024944
2026-06-23,LC365CY01D,渤银理财理财有术持盈365天最短持有期固收1号理财产品D,3,最短持有365天,1.047542
2026-06-23,YCYDTJY03H,渤银理财银储有道系列添金盈现金管理理财3号,2,长期,1.0
2026-06-23,QTCG09001D,平安理财启元添利（90天持有）1号固收类理财产品D,3,最短持有90天,1.0826
2026-06-23,LWCG02801F,平安理财灵活成长汇稳28天持有固收类理财产品F,3,最短持有28天,1.0607
2026-06-23,LWCG01401G,平安理财灵活成长汇稳日开14天持有1号固收类理财产品G,3,最短持有14天,1.0497
2026-06-23,FLJZQC3001,法巴农银理财珐琅金固收增强30天最短持有期1号理财产品,3,最短持有30天,1.043231
2026-06-23,FLJYXC6001,法巴农银理财珐琅金策略优选60天最短持有期1号理财产品,3,最短持有60天,1.025036
2026-06-23,FLQGSC9001,法巴农银理财珐琅青固定收益类90天最短持有期1号理财产品,3,最短持有90天,1.044131
2026-06-24,TC3X00100N,平安理财-天天成长3号现金管理类人民币净值型理财产品N,2,长期,1.0
2026-06-24,QTCG03002E,平安理财启元添利（30天持有）2号固收类理财产品E,3,最短持有30天,1.0603
2026-06-24,LWCG00702B,平安理财灵活成长汇稳日开7天持有2号固收类理财产品B,3,最短持有7天,1.036
2026-06-24,PY2HCY010,汇华理财-时间朋友美元六个月持有固收类理财产品010期,3,最短持有180天,1.01
2026-06-24,LCYSRK16C,渤银理财理财有术系列晨夕盈16 号固收日开理财产品,3,长期,1.017913
2026-06-24,LCYSRK18A,渤银理财理财有术系列晨夕盈18 号固收日开理财产品,3,长期,1.022784
2026-06-24,LCYS7CY02A,渤银理财理财有术系列持盈7天最短持有期固收理财产品2号,3,最短持有7天,1.036562
2026-06-24,LC180CYZ2C,渤银理财理财有术持盈增利180天最短持有期固收2号理财产品C,3,最短持有180天,1.0249
2026-06-24,LC365CY01D,渤银理财理财有术持盈365天最短持有期固收1号理财产品D,3,最短持有365天,1.047732
2026-06-24,YCYDTJY03H,渤银理财银储有道系列添金盈现金管理理财3号,2,长期,1.0
2026-06-24,QTCG09001D,平安理财启元添利（90天持有）1号固收类理财产品D,3,最短持有90天,1.0826
2026-06-24,LWCG02801F,平安理财灵活成长汇稳28天持有固收类理财产品F,3,最短持有28天,1.0607
2026-06-24,LWCG01401G,平安理财灵活成长汇稳日开14天持有1号固收类理财产品G,3,最短持有14天,1.0498
2026-06-24,FLJZQC3001,法巴农银理财珐琅金固收增强30天最短持有期1号理财产品,3,最短持有30天,1.043228
2026-06-24,FLJYXC6001,法巴农银理财珐琅金策略优选60天最短持有期1号理财产品,3,最短持有60天,1.025031
2026-06-24,FLQGSC9001,法巴农银理财珐琅青固定收益类90天最短持有期1号理财产品,3,最短持有90天,1.044197
2026-06-24,ZNZQCY050,汇华理财趋势指南一个月最短持有固收类理财产品050期,4,最短持有30天,1.0157
2026-06-25,TC3X00100N,平安理财-天天成长3号现金管理类人民币净值型理财产品N,2,长期,1.0
2026-06-25,QTCG03002E,平安理财启元添利（30天持有）2号固收类理财产品E,3,最短持有30天,1.0604
2026-06-25,LWCG00702B,平安理财灵活成长汇稳日开7天持有2号固收类理财产品B,3,最短持有7天,1.0361
2026-06-25,PY2HCY010,汇华理财-时间朋友美元六个月持有固收类理财产品010期,3,最短持有180天,1.01
2026-06-25,LCYSRK16C,渤银理财理财有术系列晨夕盈16 号固收日开理财产品,3,长期,1.017999
2026-06-25,LCYSRK18A,渤银理财理财有术系列晨夕盈18 号固收日开理财产品,3,长期,1.022847
2026-06-25,LCYS7CY02A,渤银理财理财有术系列持盈7天最短持有期固收理财产品2号,3,最短持有7天,1.036643
2026-06-25,LC180CYZ2C,渤银理财理财有术持盈增利180天最短持有期固收2号理财产品C,3,最短持有180天,1.025174
2026-06-25,LC365CY01D,渤银理财理财有术持盈365天最短持有期固收1号理财产品D,3,最短持有365天,1.048002
2026-06-25,YCYDTJY03H,渤银理财银储有道系列添金盈现金管理理财3号,2,长期,1.0
2026-06-25,QTCG09001D,平安理财启元添利（90天持有）1号固收类理财产品D,3,最短持有90天,1.0827
2026-06-25,LWCG02801F,平安理财灵活成长汇稳28天持有固收类理财产品F,3,最短持有28天,1.0608
2026-06-25,LWCG01401G,平安理财灵活成长汇稳日开14天持有1号固收类理财产品G,3,最短持有14天,1.0499
2026-06-25,FLJZQC3001,法巴农银理财珐琅金固收增强30天最短持有期1号理财产品,3,最短持有30天,1.04195
2026-06-25,FLJYXC6001,法巴农银理财珐琅金策略优选60天最短持有期1号理财产品,3,最短持有60天,1.025032
2026-06-25,FLQGSC9001,法巴农银理财珐琅青固定收益类90天最短持有期1号理财产品,3,最短持有90天,1.044275
2026-06-25,ZNZQCY050,汇华理财趋势指南一个月最短持有固收类理财产品050期,4,最短持有30天,1.0151
2026-06-26,QTCG03002E,平安理财启元添利（30天持有）2号固收类理财产品E,3,最短持有30天,1.0605
2026-06-26,LWCG00702B,平安理财灵活成长汇稳日开7天持有2号固收类理财产品B,3,最短持有7天,1.0361
2026-06-26,PY2HCY010,汇华理财-时间朋友美元六个月持有固收类理财产品010期,3,最短持有180天,1.0102
2026-06-26,LCYSRK16C,渤银理财理财有术系列晨夕盈16 号固收日开理财产品,3,长期,1.018044
2026-06-26,LCYSRK18A,渤银理财理财有术系列晨夕盈18 号固收日开理财产品,3,长期,1.022904
2026-06-26,LCYS7CY02A,渤银理财理财有术系列持盈7天最短持有期固收理财产品2号,3,最短持有7天,1.036711
2026-06-26,LC180CYZ2C,渤银理财理财有术持盈增利180天最短持有期固收2号理财产品C,3,最短持有180天,1.024991
2026-06-26,LC365CY01D,渤银理财理财有术持盈365天最短持有期固收1号理财产品D,3,最短持有365天,1.047496
2026-06-26,QTCG09001D,平安理财启元添利（90天持有）1号固收类理财产品D,3,最短持有90天,1.0828
2026-06-26,LWCG02801F,平安理财灵活成长汇稳28天持有固收类理财产品F,3,最短持有28天,1.0609
2026-06-26,LWCG01401G,平安理财灵活成长汇稳日开14天持有1号固收类理财产品G,3,最短持有14天,1.0499
2026-06-26,FLJZQC3001,法巴农银理财珐琅金固收增强30天最短持有期1号理财产品,3,最短持有30天,1.041938
2026-06-26,FLJYXC6001,法巴农银理财珐琅金策略优选60天最短持有期1号理财产品,3,最短持有60天,1.025044
2026-06-26,FLQGSC9001,法巴农银理财珐琅青固定收益类90天最短持有期1号理财产品,3,最短持有90天,1.044334
2026-06-26,ZNZQCY050,汇华理财趋势指南一个月最短持有固收类理财产品050期,4,最短持有30天,1.0155
2026-06-28,TC3X00100N,平安理财-天天成长3号现金管理类人民币净值型理财产品N,2,长期,1.0
2026-06-28,YCYDTJY03H,渤银理财银储有道系列添金盈现金管理理财3号,2,长期,1.0
2026-06-29,TC3X00100N,平安理财-天天成长3号现金管理类人民币净值型理财产品N,2,长期,1.0
2026-06-29,QTCG03002E,平安理财启元添利（30天持有）2号固收类理财产品E,3,最短持有30天,1.0607
2026-06-29,LWCG00702B,平安理财灵活成长汇稳日开7天持有2号固收类理财产品B,3,最短持有7天,1.0363
2026-06-29,LCYSRK16C,渤银理财理财有术系列晨夕盈16 号固收日开理财产品,3,长期,1.018208
2026-06-29,LCYSRK18A,渤银理财理财有术系列晨夕盈18 号固收日开理财产品,3,长期,1.023044
2026-06-29,LCYS7CY02A,渤银理财理财有术系列持盈7天最短持有期固收理财产品2号,3,最短持有7天,1.036818
2026-06-29,LC180CYZ2C,渤银理财理财有术持盈增利180天最短持有期固收2号理财产品C,3,最短持有180天,1.025046
2026-06-29,LC365CY01D,渤银理财理财有术持盈365天最短持有期固收1号理财产品D,3,最短持有365天,1.047665
2026-06-29,YCYDTJY03H,渤银理财银储有道系列添金盈现金管理理财3号,2,长期,1.0
2026-06-29,QTCG09001D,平安理财启元添利（90天持有）1号固收类理财产品D,3,最短持有90天,1.0831
2026-06-29,LWCG02801F,平安理财灵活成长汇稳28天持有固收类理财产品F,3,最短持有28天,1.061
2026-06-29,LWCG01401G,平安理财灵活成长汇稳日开14天持有1号固收类理财产品G,3,最短持有14天,1.0501
2026-06-29,FLJZQC3001,法巴农银理财珐琅金固收增强30天最短持有期1号理财产品,3,最短持有30天,1.041978
2026-06-29,FLJYXC6001,法巴农银理财珐琅金策略优选60天最短持有期1号理财产品,3,最短持有60天,1.025296
2026-06-29,FLQGSC9001,法巴农银理财珐琅青固定收益类90天最短持有期1号理财产品,3,最短持有90天,1.044449
2026-06-29,PY2HCY010,汇华理财-时间朋友美元六个月持有固收类理财产品010期,3,最短持有180天,1.0104
2026-06-29,ZNZQCY050,汇华理财趋势指南一个月最短持有固收类理财产品050期,4,最短持有30天,1.0154
2026-06-30,TC3X00100N,平安理财-天天成长3号现金管理类人民币净值型理财产品N,2,长期,1.0
2026-06-30,QTCG03002E,平安理财启元添利（30天持有）2号固收类理财产品E,3,最短持有30天,1.0607
2026-06-30,LWCG00702B,平安理财灵活成长汇稳日开7天持有2号固收类理财产品B,3,最短持有7天,1.0363
2026-06-30,LCYSRK16C,渤银理财理财有术系列晨夕盈16 号固收日开理财产品,3,长期,1.018277
2026-06-30,LCYSRK18A,渤银理财理财有术系列晨夕盈18 号固收日开理财产品,3,长期,1.023089
2026-06-30,LCYS7CY02A,渤银理财理财有术系列持盈7天最短持有期固收理财产品2号,3,最短持有7天,1.036918
2026-06-30,LC180CYZ2C,渤银理财理财有术持盈增利180天最短持有期固收2号理财产品C,3,最短持有180天,1.02536
2026-06-30,LC365CY01D,渤银理财理财有术持盈365天最短持有期固收1号理财产品D,3,最短持有365天,1.048109
2026-06-30,YCYDTJY03H,渤银理财银储有道系列添金盈现金管理理财3号,2,长期,1.0
2026-06-30,QTCG09001D,平安理财启元添利（90天持有）1号固收类理财产品D,3,最短持有90天,1.0831
2026-06-30,LWCG02801F,平安理财灵活成长汇稳28天持有固收类理财产品F,3,最短持有28天,1.0611
2026-06-30,LWCG01401G,平安理财灵活成长汇稳日开14天持有1号固收类理财产品G,3,最短持有14天,1.0501
2026-06-30,FLJZQC3001,法巴农银理财珐琅金固收增强30天最短持有期1号理财产品,3,最短持有30天,1.041773
2026-06-30,FLJYXC6001,法巴农银理财珐琅金策略优选60天最短持有期1号理财产品,3,最短持有60天,1.025484
2026-06-30,FLQGSC9001,法巴农银理财珐琅青固定收益类90天最短持有期1号理财产品,3,最短持有90天,1.044479
2026-06-30,PY2HCY010,汇华理财-时间朋友美元六个月持有固收类理财产品010期,3,最短持有180天,1.0105
2026-06-30,ZNZQCY050,汇华理财趋势指南一个月最短持有固收类理财产品050期,4,最短持有30天,1.0154
2026-07-01,TC3X00100N,平安理财-天天成长3号现金管理类人民币净值型理财产品N,2,长期,1.0
2026-07-01,QTCG03002E,平安理财启元添利（30天持有）2号固收类理财产品E,3,最短持有30天,1.0607
2026-07-01,LWCG00702B,平安理财灵活成长汇稳日开7天持有2号固收类理财产品B,3,最短持有7天,1.0363
2026-07-01,LCYSRK16C,渤银理财理财有术系列晨夕盈16 号固收日开理财产品,3,长期,1.018296
2026-07-01,LCYSRK18A,渤银理财理财有术系列晨夕盈18 号固收日开理财产品,3,长期,1.023114
2026-07-01,LCYS7CY02A,渤银理财理财有术系列持盈7天最短持有期固收理财产品2号,3,最短持有7天,1.036928
2026-07-01,LC180CYZ2C,渤银理财理财有术持盈增利180天最短持有期固收2号理财产品C,3,最短持有180天,1.025212
2026-07-01,LC365CY01D,渤银理财理财有术持盈365天最短持有期固收1号理财产品D,3,最短持有365天,1.048153
2026-07-01,YCYDTJY03H,渤银理财银储有道系列添金盈现金管理理财3号,2,长期,1.0
2026-07-01,QTCG09001D,平安理财启元添利（90天持有）1号固收类理财产品D,3,最短持有90天,1.083
2026-07-01,LWCG02801F,平安理财灵活成长汇稳28天持有固收类理财产品F,3,最短持有28天,1.0611
2026-07-01,LWCG01401G,平安理财灵活成长汇稳日开14天持有1号固收类理财产品G,3,最短持有14天,1.0501
2026-07-01,FLJZQC3001,法巴农银理财珐琅金固收增强30天最短持有期1号理财产品,3,最短持有30天,1.04268
2026-07-01,FLJYXC6001,法巴农银理财珐琅金策略优选60天最短持有期1号理财产品,3,最短持有60天,1.025479
2026-07-01,FLQGSC9001,法巴农银理财珐琅青固定收益类90天最短持有期1号理财产品,3,最短持有90天,1.044435
2026-07-02,TC3X00100N,平安理财-天天成长3号现金管理类人民币净值型理财产品N,2,长期,1.0
2026-07-02,QTCG03002E,平安理财启元添利（30天持有）2号固收类理财产品E,3,最短持有30天,1.0607
2026-07-02,LWCG00702B,平安理财灵活成长汇稳日开7天持有2号固收类理财产品B,3,最短持有7天,1.0363
2026-07-02,LCYSRK16C,渤银理财理财有术系列晨夕盈16 号固收日开理财产品,3,长期,1.018308
2026-07-02,LCYSRK18A,渤银理财理财有术系列晨夕盈18 号固收日开理财产品,3,长期,1.023151
2026-07-02,LCYS7CY02A,渤银理财理财有术系列持盈7天最短持有期固收理财产品2号,3,最短持有7天,1.036975
2026-07-02,LC180CYZ2C,渤银理财理财有术持盈增利180天最短持有期固收2号理财产品C,3,最短持有180天,1.024896
2026-07-02,LC365CY01D,渤银理财理财有术持盈365天最短持有期固收1号理财产品D,3,最短持有365天,1.047586
2026-07-02,YCYDTJY03H,渤银理财银储有道系列添金盈现金管理理财3号,2,长期,1.0
2026-07-02,QTCG09001D,平安理财启元添利（90天持有）1号固收类理财产品D,3,最短持有90天,1.083
2026-07-02,LWCG02801F,平安理财灵活成长汇稳28天持有固收类理财产品F,3,最短持有28天,1.0611
2026-07-02,LWCG01401G,平安理财灵活成长汇稳日开14天持有1号固收类理财产品G,3,最短持有14天,1.0502
2026-07-02,FLJZQC3001,法巴农银理财珐琅金固收增强30天最短持有期1号理财产品,3,最短持有30天,1.042822
2026-07-02,FLJYXC6001,法巴农银理财珐琅金策略优选60天最短持有期1号理财产品,3,最短持有60天,1.026482
2026-07-02,FLQGSC9001,法巴农银理财珐琅青固定收益类90天最短持有期1号理财产品,3,最短持有90天,1.044476
2026-07-02,PY2HCY010,汇华理财-时间朋友美元六个月持有固收类理财产品010期,3,最短持有180天,1.0107
2026-07-02,ZNZQCY050,汇华理财趋势指南一个月最短持有固收类理财产品050期,4,最短持有30天,1.0153
2026-07-03,QTCG03002E,平安理财启元添利（30天持有）2号固收类理财产品E,3,最短持有30天,1.0607
2026-07-03,LWCG00702B,平安理财灵活成长汇稳日开7天持有2号固收类理财产品B,3,最短持有7天,1.0363
2026-07-03,LCYSRK16C,渤银理财理财有术系列晨夕盈16 号固收日开理财产品,3,长期,1.018331
2026-07-03,LCYSRK18A,渤银理财理财有术系列晨夕盈18 号固收日开理财产品,3,长期,1.023165
2026-07-03,LCYS7CY02A,渤银理财理财有术系列持盈7天最短持有期固收理财产品2号,3,最短持有7天,1.037003
2026-07-03,LC180CYZ2C,渤银理财理财有术持盈增利180天最短持有期固收2号理财产品C,3,最短持有180天,1.024903
2026-07-03,LC365CY01D,渤银理财理财有术持盈365天最短持有期固收1号理财产品D,3,最短持有365天,1.04769
2026-07-03,QTCG09001D,平安理财启元添利（90天持有）1号固收类理财产品D,3,最短持有90天,1.0831
2026-07-03,LWCG02801F,平安理财灵活成长汇稳28天持有固收类理财产品F,3,最短持有28天,1.0611
2026-07-03,LWCG01401G,平安理财灵活成长汇稳日开14天持有1号固收类理财产品G,3,最短持有14天,1.0502
2026-07-03,FLJZQC3001,法巴农银理财珐琅金固收增强30天最短持有期1号理财产品,3,最短持有30天,1.042698
2026-07-03,FLJYXC6001,法巴农银理财珐琅金策略优选60天最短持有期1号理财产品,3,最短持有60天,1.026472
2026-07-03,FLQGSC9001,法巴农银理财珐琅青固定收益类90天最短持有期1号理财产品,3,最短持有90天,1.044513
2026-07-05,TC3X00100N,平安理财-天天成长3号现金管理类人民币净值型理财产品N,2,长期,1.0
2026-07-05,YCYDTJY03H,渤银理财银储有道系列添金盈现金管理理财3号,2,长期,1.0
2026-07-06,TC3X00100N,平安理财-天天成长3号现金管理类人民币净值型理财产品N,2,长期,1.0
2026-07-06,QTCG03002E,平安理财启元添利（30天持有）2号固收类理财产品E,3,最短持有30天,1.0609
2026-07-06,LWCG00702B,平安理财灵活成长汇稳日开7天持有2号固收类理财产品B,3,最短持有7天,1.0365
2026-07-06,PY2HCY010,汇华理财-时间朋友美元六个月持有固收类理财产品010期,3,最短持有180天,1.0109
2026-07-06,LCYSRK16C,渤银理财理财有术系列晨夕盈16 号固收日开理财产品,3,长期,1.018483
2026-07-06,LCYSRK18A,渤银理财理财有术系列晨夕盈18 号固收日开理财产品,3,长期,1.023306
2026-07-06,LCYS7CY02A,渤银理财理财有术系列持盈7天最短持有期固收理财产品2号,3,最短持有7天,1.037067
2026-07-06,LC180CYZ2C,渤银理财理财有术持盈增利180天最短持有期固收2号理财产品C,3,最短持有180天,1.024837
2026-07-06,LC365CY01D,渤银理财理财有术持盈365天最短持有期固收1号理财产品D,3,最短持有365天,1.047557
2026-07-06,YCYDTJY03H,渤银理财银储有道系列添金盈现金管理理财3号,2,长期,1.0
2026-07-06,QTCG09001D,平安理财启元添利（90天持有）1号固收类理财产品D,3,最短持有90天,1.0833
2026-07-06,LWCG02801F,平安理财灵活成长汇稳28天持有固收类理财产品F,3,最短持有28天,1.0613
2026-07-06,LWCG01401G,平安理财灵活成长汇稳日开14天持有1号固收类理财产品G,3,最短持有14天,1.0504
2026-07-06,FLJZQC3001,法巴农银理财珐琅金固收增强30天最短持有期1号理财产品,3,最短持有30天,1.042946
2026-07-06,FLJYXC6001,法巴农银理财珐琅金策略优选60天最短持有期1号理财产品,3,最短持有60天,1.026532
2026-07-06,FLQGSC9001,法巴农银理财珐琅青固定收益类90天最短持有期1号理财产品,3,最短持有90天,1.044642
2026-07-06,ZNZQCY050,汇华理财趋势指南一个月最短持有固收类理财产品050期,4,最短持有30天,1.0161
2026-07-07,TC3X00100N,平安理财-天天成长3号现金管理类人民币净值型理财产品N,2,长期,1.0
2026-07-07,QTCG03002E,平安理财启元添利（30天持有）2号固收类理财产品E,3,最短持有30天,1.0609
2026-07-07,LWCG00702B,平安理财灵活成长汇稳日开7天持有2号固收类理财产品B,3,最短持有7天,1.0365
2026-07-07,PY2HCY010,汇华理财-时间朋友美元六个月持有固收类理财产品010期,3,最短持有180天,1.011
2026-07-07,LCYSRK16C,渤银理财理财有术系列晨夕盈16 号固收日开理财产品,3,长期,1.018532
2026-07-07,LCYSRK18A,渤银理财理财有术系列晨夕盈18 号固收日开理财产品,3,长期,1.023361
2026-07-07,LCYS7CY02A,渤银理财理财有术系列持盈7天最短持有期固收理财产品2号,3,最短持有7天,1.037171
2026-07-07,LC180CYZ2C,渤银理财理财有术持盈增利180天最短持有期固收2号理财产品C,3,最短持有180天,1.024801
2026-07-07,LC365CY01D,渤银理财理财有术持盈365天最短持有期固收1号理财产品D,3,最短持有365天,1.047331
2026-07-07,YCYDTJY03H,渤银理财银储有道系列添金盈现金管理理财3号,2,长期,1.0
2026-07-07,QTCG09001D,平安理财启元添利（90天持有）1号固收类理财产品D,3,最短持有90天,1.0833
2026-07-07,LWCG02801F,平安理财灵活成长汇稳28天持有固收类理财产品F,3,最短持有28天,1.0613
2026-07-07,LWCG01401G,平安理财灵活成长汇稳日开14天持有1号固收类理财产品G,3,最短持有14天,1.0505
2026-07-07,FLJZQC3001,法巴农银理财珐琅金固收增强30天最短持有期1号理财产品,3,最短持有30天,1.043815
2026-07-07,FLJYXC6001,法巴农银理财珐琅金策略优选60天最短持有期1号理财产品,3,最短持有60天,1.026527
2026-07-07,FLQGSC9001,法巴农银理财珐琅青固定收益类90天最短持有期1号理财产品,3,最短持有90天,1.044716
2026-07-07,ZNZQCY050,汇华理财趋势指南一个月最短持有固收类理财产品050期,4,最短持有30天,1.0167
2026-07-08,TC3X00100N,平安理财-天天成长3号现金管理类人民币净值型理财产品N,2,长期,1.0
2026-07-08,QTCG03002E,平安理财启元添利（30天持有）2号固收类理财产品E,3,最短持有30天,1.061
2026-07-08,LWCG00702B,平安理财灵活成长汇稳日开7天持有2号固收类理财产品B,3,最短持有7天,1.0365
2026-07-08,PY2HCY010,汇华理财-时间朋友美元六个月持有固收类理财产品010期,3,最短持有180天,1.0111
2026-07-08,LCYSRK16C,渤银理财理财有术系列晨夕盈16 号固收日开理财产品,3,长期,1.018582
2026-07-08,LCYSRK18A,渤银理财理财有术系列晨夕盈18 号固收日开理财产品,3,长期,1.023408
2026-07-08,LCYS7CY02A,渤银理财理财有术系列持盈7天最短持有期固收理财产品2号,3,最短持有7天,1.037231
2026-07-08,LC180CYZ2C,渤银理财理财有术持盈增利180天最短持有期固收2号理财产品C,3,最短持有180天,1.024732
2026-07-08,LC365CY01D,渤银理财理财有术持盈365天最短持有期固收1号理财产品D,3,最短持有365天,1.047214
2026-07-08,YCYDTJY03H,渤银理财银储有道系列添金盈现金管理理财3号,2,长期,1.0
2026-07-08,QTCG09001D,平安理财启元添利（90天持有）1号固收类理财产品D,3,最短持有90天,1.0834
2026-07-08,LWCG02801F,平安理财灵活成长汇稳28天持有固收类理财产品F,3,最短持有28天,1.0614
2026-07-08,LWCG01401G,平安理财灵活成长汇稳日开14天持有1号固收类理财产品G,3,最短持有14天,1.0505
2026-07-08,FLJZQC3001,法巴农银理财珐琅金固收增强30天最短持有期1号理财产品,3,最短持有30天,1.04297
2026-07-08,FLJYXC6001,法巴农银理财珐琅金策略优选60天最短持有期1号理财产品,3,最短持有60天,1.026951
2026-07-08,FLQGSC9001,法巴农银理财珐琅青固定收益类90天最短持有期1号理财产品,3,最短持有90天,1.044776
2026-07-08,ZNZQCY050,汇华理财趋势指南一个月最短持有固收类理财产品050期,4,最短持有30天,1.0167
2026-07-09,TC3X00100N,平安理财-天天成长3号现金管理类人民币净值型理财产品N,2,长期,1.0
2026-07-09,QTCG03002E,平安理财启元添利（30天持有）2号固收类理财产品E,3,最短持有30天,1.061
2026-07-09,LWCG00702B,平安理财灵活成长汇稳日开7天持有2号固收类理财产品B,3,最短持有7天,1.0365
2026-07-09,PY2HCY010,汇华理财-时间朋友美元六个月持有固收类理财产品010期,3,最短持有180天,1.0112
2026-07-09,LCYSRK16C,渤银理财理财有术系列晨夕盈16 号固收日开理财产品,3,长期,1.018643
2026-07-09,LCYSRK18A,渤银理财理财有术系列晨夕盈18 号固收日开理财产品,3,长期,1.023448
2026-07-09,LCYS7CY02A,渤银理财理财有术系列持盈7天最短持有期固收理财产品2号,3,最短持有7天,1.037269
2026-07-09,LC180CYZ2C,渤银理财理财有术持盈增利180天最短持有期固收2号理财产品C,3,最短持有180天,1.024953
2026-07-09,LC365CY01D,渤银理财理财有术持盈365天最短持有期固收1号理财产品D,3,最短持有365天,1.047633
2026-07-09,YCYDTJY03H,渤银理财银储有道系列添金盈现金管理理财3号,2,长期,1.0
2026-07-09,QTCG09001D,平安理财启元添利（90天持有）1号固收类理财产品D,3,最短持有90天,1.0834
2026-07-09,LWCG02801F,平安理财灵活成长汇稳28天持有固收类理财产品F,3,最短持有28天,1.0614
2026-07-09,LWCG01401G,平安理财灵活成长汇稳日开14天持有1号固收类理财产品G,3,最短持有14天,1.0505
2026-07-09,FLJZQC3001,法巴农银理财珐琅金固收增强30天最短持有期1号理财产品,3,最短持有30天,1.041742
2026-07-09,FLJYXC6001,法巴农银理财珐琅金策略优选60天最短持有期1号理财产品,3,最短持有60天,1.027228
2026-07-09,FLQGSC9001,法巴农银理财珐琅青固定收益类90天最短持有期1号理财产品,3,最短持有90天,1.044798
2026-07-09,ZNZQCY050,汇华理财趋势指南一个月最短持有固收类理财产品050期,4,最短持有30天,1.0156
2026-07-10,QTCG03002E,平安理财启元添利（30天持有）2号固收类理财产品E,3,最短持有30天,1.0611
2026-07-10,LWCG00702B,平安理财灵活成长汇稳日开7天持有2号固收类理财产品B,3,最短持有7天,1.0366
2026-07-10,PY2HCY010,汇华理财-时间朋友美元六个月持有固收类理财产品010期,3,最短持有180天,1.0112
2026-07-10,LCYSRK16C,渤银理财理财有术系列晨夕盈16 号固收日开理财产品,3,长期,1.018707
2026-07-10,LCYSRK18A,渤银理财理财有术系列晨夕盈18 号固收日开理财产品,3,长期,1.023509
2026-07-10,LCYS7CY02A,渤银理财理财有术系列持盈7天最短持有期固收理财产品2号,3,最短持有7天,1.037333
2026-07-10,LC180CYZ2C,渤银理财理财有术持盈增利180天最短持有期固收2号理财产品C,3,最短持有180天,1.024982
2026-07-10,LC365CY01D,渤银理财理财有术持盈365天最短持有期固收1号理财产品D,3,最短持有365天,1.04742
2026-07-10,QTCG09001D,平安理财启元添利（90天持有）1号固收类理财产品D,3,最短持有90天,1.0835
2026-07-10,LWCG02801F,平安理财灵活成长汇稳28天持有固收类理财产品F,3,最短持有28天,1.0614
2026-07-10,LWCG01401G,平安理财灵活成长汇稳日开14天持有1号固收类理财产品G,3,最短持有14天,1.0506
2026-07-10,FLJZQC3001,法巴农银理财珐琅金固收增强30天最短持有期1号理财产品,3,最短持有30天,1.043352
2026-07-10,FLJYXC6001,法巴农银理财珐琅金策略优选60天最短持有期1号理财产品,3,最短持有60天,1.027445
2026-07-10,FLQGSC9001,法巴农银理财珐琅青固定收益类90天最短持有期1号理财产品,3,最短持有90天,1.044853
2026-07-10,ZNZQCY050,汇华理财趋势指南一个月最短持有固收类理财产品050期,4,最短持有30天,1.016
2026-07-12,TC3X00100N,平安理财-天天成长3号现金管理类人民币净值型理财产品N,2,长期,1.0
2026-07-12,YCYDTJY03H,渤银理财银储有道系列添金盈现金管理理财3号,2,长期,1.0
2026-07-13,TC3X00100N,平安理财-天天成长3号现金管理类人民币净值型理财产品N,2,长期,1.0
2026-07-13,QTCG03002E,平安理财启元添利（30天持有）2号固收类理财产品E,3,最短持有30天,1.0611
2026-07-13,LWCG00702B,平安理财灵活成长汇稳日开7天持有2号固收类理财产品B,3,最短持有7天,1.0367
2026-07-13,PY2HCY010,汇华理财-时间朋友美元六个月持有固收类理财产品010期,3,最短持有180天,1.0115
2026-07-13,LCYSRK16C,渤银理财理财有术系列晨夕盈16 号固收日开理财产品,3,长期,1.018823
2026-07-13,LCYSRK18A,渤银理财理财有术系列晨夕盈18 号固收日开理财产品,3,长期,1.023625
2026-07-13,LCYS7CY02A,渤银理财理财有术系列持盈7天最短持有期固收理财产品2号,3,最短持有7天,1.037436
2026-07-13,LC180CYZ2C,渤银理财理财有术持盈增利180天最短持有期固收2号理财产品C,3,最短持有180天,1.024841
2026-07-13,LC365CY01D,渤银理财理财有术持盈365天最短持有期固收1号理财产品D,3,最短持有365天,1.046292
2026-07-13,YCYDTJY03H,渤银理财银储有道系列添金盈现金管理理财3号,2,长期,1.0
2026-07-13,LCYSRK50C,渤银理财理财有术系列晨夕盈50号固收日开理财产品C,3,长期,1.00735
2026-07-13,QTCG09001D,平安理财启元添利（90天持有）1号固收类理财产品D,3,最短持有90天,1.0835
2026-07-13,LWCG02801F,平安理财灵活成长汇稳28天持有固收类理财产品F,3,最短持有28天,1.0616
2026-07-13,LWCG01401G,平安理财灵活成长汇稳日开14天持有1号固收类理财产品G,3,最短持有14天,1.0507
2026-07-13,FLJZQC3001,法巴农银理财珐琅金固收增强30天最短持有期1号理财产品,3,最短持有30天,1.043776
2026-07-13,FLJYXC6001,法巴农银理财珐琅金策略优选60天最短持有期1号理财产品,3,最短持有60天,1.027499
2026-07-13,FLQGSC9001,法巴农银理财珐琅青固定收益类90天最短持有期1号理财产品,3,最短持有90天,1.044983
2026-07-13,ZNZQCY050,汇华理财趋势指南一个月最短持有固收类理财产品050期,4,最短持有30天,1.0166
2026-07-14,TC3X00100N,平安理财-天天成长3号现金管理类人民币净值型理财产品N,2,长期,1.0
2026-07-14,QTCG03002E,平安理财启元添利（30天持有）2号固收类理财产品E,3,最短持有30天,1.0611
2026-07-14,LWCG00702B,平安理财灵活成长汇稳日开7天持有2号固收类理财产品B,3,最短持有7天,1.0367
2026-07-14,PY2HCY010,汇华理财-时间朋友美元六个月持有固收类理财产品010期,3,最短持有180天,1.0115
2026-07-14,LCYSRK16C,渤银理财理财有术系列晨夕盈16 号固收日开理财产品,3,长期,1.018867
2026-07-14,LCYSRK18A,渤银理财理财有术系列晨夕盈18 号固收日开理财产品,3,长期,1.023669
2026-07-14,LCYS7CY02A,渤银理财理财有术系列持盈7天最短持有期固收理财产品2号,3,最短持有7天,1.037509
2026-07-14,LC180CYZ2C,渤银理财理财有术持盈增利180天最短持有期固收2号理财产品C,3,最短持有180天,1.024794
2026-07-14,LC365CY01D,渤银理财理财有术持盈365天最短持有期固收1号理财产品D,3,最短持有365天,1.046816
2026-07-14,YCYDTJY03H,渤银理财银储有道系列添金盈现金管理理财3号,2,长期,1.0
2026-07-14,LCYSRK50C,渤银理财理财有术系列晨夕盈50号固收日开理财产品C,3,长期,1.007428
2026-07-14,QTCG09001D,平安理财启元添利（90天持有）1号固收类理财产品D,3,最短持有90天,1.0834
2026-07-14,LWCG02801F,平安理财灵活成长汇稳28天持有固收类理财产品F,3,最短持有28天,1.0616
2026-07-14,LWCG01401G,平安理财灵活成长汇稳日开14天持有1号固收类理财产品G,3,最短持有14天,1.0508
2026-07-14,FLJZQC3001,法巴农银理财珐琅金固收增强30天最短持有期1号理财产品,3,最短持有30天,1.042943
2026-07-14,FLJYXC6001,法巴农银理财珐琅金策略优选60天最短持有期1号理财产品,3,最短持有60天,1.027508
2026-07-14,FLQGSC9001,法巴农银理财珐琅青固定收益类90天最短持有期1号理财产品,3,最短持有90天,1.045
2026-07-14,ZNZQCY050,汇华理财趋势指南一个月最短持有固收类理财产品050期,4,最短持有30天,1.016
2026-07-15,TC3X00100N,平安理财-天天成长3号现金管理类人民币净值型理财产品N,2,长期,1.0
2026-07-15,QTCG03002E,平安理财启元添利（30天持有）2号固收类理财产品E,3,最短持有30天,1.0612
2026-07-15,LWCG00702B,平安理财灵活成长汇稳日开7天持有2号固收类理财产品B,3,最短持有7天,1.0368
2026-07-15,PY2HCY010,汇华理财-时间朋友美元六个月持有固收类理财产品010期,3,最短持有180天,1.0116
2026-07-15,LCYSRK16C,渤银理财理财有术系列晨夕盈16 号固收日开理财产品,3,长期,1.018926
2026-07-15,LCYSRK18A,渤银理财理财有术系列晨夕盈18 号固收日开理财产品,3,长期,1.023726
2026-07-15,LCYS7CY02A,渤银理财理财有术系列持盈7天最短持有期固收理财产品2号,3,最短持有7天,1.037562
2026-07-15,LC180CYZ2C,渤银理财理财有术持盈增利180天最短持有期固收2号理财产品C,3,最短持有180天,1.024935
2026-07-15,LC365CY01D,渤银理财理财有术持盈365天最短持有期固收1号理财产品D,3,最短持有365天,1.046672
2026-07-15,YCYDTJY03H,渤银理财银储有道系列添金盈现金管理理财3号,2,长期,1.0
2026-07-15,LCYSRK50C,渤银理财理财有术系列晨夕盈50号固收日开理财产品C,3,长期,1.007505
2026-07-15,QTCG09001D,平安理财启元添利（90天持有）1号固收类理财产品D,3,最短持有90天,1.0836
2026-07-15,LWCG02801F,平安理财灵活成长汇稳28天持有固收类理财产品F,3,最短持有28天,1.0617
2026-07-15,LWCG01401G,平安理财灵活成长汇稳日开14天持有1号固收类理财产品G,3,最短持有14天,1.0508
2026-07-15,FLJZQC3001,法巴农银理财珐琅金固收增强30天最短持有期1号理财产品,3,最短持有30天,1.043223
2026-07-15,FLJYXC6001,法巴农银理财珐琅金策略优选60天最短持有期1号理财产品,3,最短持有60天,1.027504
2026-07-15,FLQGSC9001,法巴农银理财珐琅青固定收益类90天最短持有期1号理财产品,3,最短持有90天,1.045064
2026-07-15,ZNZQCY050,汇华理财趋势指南一个月最短持有固收类理财产品050期,4,最短持有30天,1.0162
2026-07-16,TC3X00100N,平安理财-天天成长3号现金管理类人民币净值型理财产品N,2,长期,1.0
2026-07-16,QTCG03002E,平安理财启元添利（30天持有）2号固收类理财产品E,3,最短持有30天,1.0612
2026-07-16,LWCG00702B,平安理财灵活成长汇稳日开7天持有2号固收类理财产品B,3,最短持有7天,1.0368
2026-07-16,PY2HCY010,汇华理财-时间朋友美元六个月持有固收类理财产品010期,3,最短持有180天,1.0117
2026-07-16,LCYSRK16C,渤银理财理财有术系列晨夕盈16 号固收日开理财产品,3,长期,1.018965
2026-07-16,LCYSRK18A,渤银理财理财有术系列晨夕盈18 号固收日开理财产品,3,长期,1.023775
2026-07-16,LCYS7CY02A,渤银理财理财有术系列持盈7天最短持有期固收理财产品2号,3,最短持有7天,1.03762
2026-07-16,LC180CYZ2C,渤银理财理财有术持盈增利180天最短持有期固收2号理财产品C,3,最短持有180天,1.02485
2026-07-16,LC365CY01D,渤银理财理财有术持盈365天最短持有期固收1号理财产品D,3,最短持有365天,1.046294
2026-07-16,YCYDTJY03H,渤银理财银储有道系列添金盈现金管理理财3号,2,长期,1.0
2026-07-16,LCYSRK50C,渤银理财理财有术系列晨夕盈50号固收日开理财产品C,3,长期,1.0076
2026-07-16,QTCG09001D,平安理财启元添利（90天持有）1号固收类理财产品D,3,最短持有90天,1.0836
2026-07-16,LWCG02801F,平安理财灵活成长汇稳28天持有固收类理财产品F,3,最短持有28天,1.0617
2026-07-16,LWCG01401G,平安理财灵活成长汇稳日开14天持有1号固收类理财产品G,3,最短持有14天,1.0509
2026-07-16,FLJZQC3001,法巴农银理财珐琅金固收增强30天最短持有期1号理财产品,3,最短持有30天,1.043228
2026-07-16,FLJYXC6001,法巴农银理财珐琅金策略优选60天最短持有期1号理财产品,3,最短持有60天,1.027812
2026-07-16,FLQGSC9001,法巴农银理财珐琅青固定收益类90天最短持有期1号理财产品,3,最短持有90天,1.045082
2026-07-16,ZNZQCY050,汇华理财趋势指南一个月最短持有固收类理财产品050期,4,最短持有30天,1.0163
2026-07-17,QTCG03002E,平安理财启元添利（30天持有）2号固收类理财产品E,3,最短持有30天,1.0612
2026-07-17,LWCG00702B,平安理财灵活成长汇稳日开7天持有2号固收类理财产品B,3,最短持有7天,1.0369
2026-07-17,PY2HCY010,汇华理财-时间朋友美元六个月持有固收类理财产品010期,3,最短持有180天,1.0117
2026-07-17,LCYSRK16C,渤银理财理财有术系列晨夕盈16 号固收日开理财产品,3,长期,1.018989
2026-07-17,LCYSRK18A,渤银理财理财有术系列晨夕盈18 号固收日开理财产品,3,长期,1.023809
2026-07-17,LCYS7CY02A,渤银理财理财有术系列持盈7天最短持有期固收理财产品2号,3,最短持有7天,1.03765
2026-07-17,LC180CYZ2C,渤银理财理财有术持盈增利180天最短持有期固收2号理财产品C,3,最短持有180天,1.024663
2026-07-17,LC365CY01D,渤银理财理财有术持盈365天最短持有期固收1号理财产品D,3,最短持有365天,1.04535
2026-07-17,LCYSRK50C,渤银理财理财有术系列晨夕盈50号固收日开理财产品C,3,长期,1.007685
2026-07-17,QTCG09001D,平安理财启元添利（90天持有）1号固收类理财产品D,3,最短持有90天,1.0835
2026-07-17,LWCG02801F,平安理财灵活成长汇稳28天持有固收类理财产品F,3,最短持有28天,1.0618
2026-07-17,LWCG01401G,平安理财灵活成长汇稳日开14天持有1号固收类理财产品G,3,最短持有14天,1.0509
2026-07-17,FLJZQC3001,法巴农银理财珐琅金固收增强30天最短持有期1号理财产品,3,最短持有30天,1.043169
2026-07-17,FLJYXC6001,法巴农银理财珐琅金策略优选60天最短持有期1号理财产品,3,最短持有60天,1.027843
2026-07-17,FLQGSC9001,法巴农银理财珐琅青固定收益类90天最短持有期1号理财产品,3,最短持有90天,1.045151
2026-07-17,ZNZQCY050,汇华理财趋势指南一个月最短持有固收类理财产品050期,4,最短持有30天,1.0165
2026-07-19,TC3X00100N,平安理财-天天成长3号现金管理类人民币净值型理财产品N,2,长期,1.0
2026-07-19,YCYDTJY03H,渤银理财银储有道系列添金盈现金管理理财3号,2,长期,1.0
2026-07-20,TC3X00100N,平安理财-天天成长3号现金管理类人民币净值型理财产品N,2,长期,1.0
2026-07-20,QTCG03002E,平安理财启元添利（30天持有）2号固收类理财产品E,3,最短持有30天,1.0612
2026-07-20,LWCG00702B,平安理财灵活成长汇稳日开7天持有2号固收类理财产品B,3,最短持有7天,1.037
2026-07-20,PY2HCY010,汇华理财-时间朋友美元六个月持有固收类理财产品010期,3,最短持有180天,1.012
2026-07-20,LCYSRK16C,渤银理财理财有术系列晨夕盈16 号固收日开理财产品,3,长期,1.019112
2026-07-20,LCYSRK18A,渤银理财理财有术系列晨夕盈18 号固收日开理财产品,3,长期,1.023908
2026-07-20,LCYS7CY02A,渤银理财理财有术系列持盈7天最短持有期固收理财产品2号,3,最短持有7天,1.037744
2026-07-20,LC180CYZ2C,渤银理财理财有术持盈增利180天最短持有期固收2号理财产品C,3,最短持有180天,1.024684
2026-07-20,LC365CY01D,渤银理财理财有术持盈365天最短持有期固收1号理财产品D,3,最短持有365天,1.044889
2026-07-20,YCYDTJY03H,渤银理财银储有道系列添金盈现金管理理财3号,2,长期,1.0
2026-07-20,LCYSRK50C,渤银理财理财有术系列晨夕盈50号固收日开理财产品C,3,长期,1.00787
2026-07-20,QTCG09001D,平安理财启元添利（90天持有）1号固收类理财产品D,3,最短持有90天,1.0833
2026-07-20,LWCG02801F,平安理财灵活成长汇稳28天持有固收类理财产品F,3,最短持有28天,1.0619
2026-07-20,LWCG01401G,平安理财灵活成长汇稳日开14天持有1号固收类理财产品G,3,最短持有14天,1.0511
2026-07-20,FLJZQC3001,法巴农银理财珐琅金固收增强30天最短持有期1号理财产品,3,最短持有30天,1.041997
2026-07-20,FLJYXC6001,法巴农银理财珐琅金策略优选60天最短持有期1号理财产品,3,最短持有60天,1.027891
2026-07-20,FLQGSC9001,法巴农银理财珐琅青固定收益类90天最短持有期1号理财产品,3,最短持有90天,1.04521
2026-07-20,ZNZQCY050,汇华理财趋势指南一个月最短持有固收类理财产品050期,4,最短持有30天,1.0158
2026-07-21,TC3X00100N,平安理财-天天成长3号现金管理类人民币净值型理财产品N,2,长期,1.0
2026-07-21,QTCG03002E,平安理财启元添利（30天持有）2号固收类理财产品E,3,最短持有30天,1.0612
2026-07-21,LWCG00702B,平安理财灵活成长汇稳日开7天持有2号固收类理财产品B,3,最短持有7天,1.037
2026-07-21,PY2HCY010,汇华理财-时间朋友美元六个月持有固收类理财产品010期,3,最短持有180天,1.012
2026-07-21,LCYSRK16C,渤银理财理财有术系列晨夕盈16 号固收日开理财产品,3,长期,1.019174
2026-07-21,LCYSRK18A,渤银理财理财有术系列晨夕盈18 号固收日开理财产品,3,长期,1.023961
2026-07-21,LCYS7CY02A,渤银理财理财有术系列持盈7天最短持有期固收理财产品2号,3,最短持有7天,1.037808
2026-07-21,LC180CYZ2C,渤银理财理财有术持盈增利180天最短持有期固收2号理财产品C,3,最短持有180天,1.024781
2026-07-21,LC365CY01D,渤银理财理财有术持盈365天最短持有期固收1号理财产品D,3,最短持有365天,1.046092
2026-07-21,YCYDTJY03H,渤银理财银储有道系列添金盈现金管理理财3号,2,长期,1.0
2026-07-21,LCYSRK50C,渤银理财理财有术系列晨夕盈50号固收日开理财产品C,3,长期,1.007949
2026-07-21,QTCG09001D,平安理财启元添利（90天持有）1号固收类理财产品D,3,最短持有90天,1.0835
2026-07-21,LWCG02801F,平安理财灵活成长汇稳28天持有固收类理财产品F,3,最短持有28天,1.062
2026-07-21,LWCG01401G,平安理财灵活成长汇稳日开14天持有1号固收类理财产品G,3,最短持有14天,1.0511
2026-07-21,FLJZQC3001,法巴农银理财珐琅金固收增强30天最短持有期1号理财产品,3,最短持有30天,1.041972
2026-07-21,FLJYXC6001,法巴农银理财珐琅金策略优选60天最短持有期1号理财产品,3,最短持有60天,1.027884
2026-07-21,FLQGSC9001,法巴农银理财珐琅青固定收益类90天最短持有期1号理财产品,3,最短持有90天,1.04523
2026-07-21,ZNZQCY050,汇华理财趋势指南一个月最短持有固收类理财产品050期,4,最短持有30天,1.0155
2026-07-22,TC3X00100N,平安理财-天天成长3号现金管理类人民币净值型理财产品N,2,长期,1.0
2026-07-22,QTCG03002E,平安理财启元添利（30天持有）2号固收类理财产品E,3,最短持有30天,1.0614
2026-07-22,LWCG00702B,平安理财灵活成长汇稳日开7天持有2号固收类理财产品B,3,最短持有7天,1.037
2026-07-22,PY2HCY010,汇华理财-时间朋友美元六个月持有固收类理财产品010期,3,最短持有180天,1.0121
2026-07-22,LCYSRK16C,渤银理财理财有术系列晨夕盈16 号固收日开理财产品,3,长期,1.019258
2026-07-22,LCYSRK18A,渤银理财理财有术系列晨夕盈18 号固收日开理财产品,3,长期,1.024049
2026-07-22,LCYS7CY02A,渤银理财理财有术系列持盈7天最短持有期固收理财产品2号,3,最短持有7天,1.037871
2026-07-22,LC180CYZ2C,渤银理财理财有术持盈增利180天最短持有期固收2号理财产品C,3,最短持有180天,1.025227
2026-07-22,LC365CY01D,渤银理财理财有术持盈365天最短持有期固收1号理财产品D,3,最短持有365天,1.045992
2026-07-22,YCYDTJY03H,渤银理财银储有道系列添金盈现金管理理财3号,2,长期,1.0
2026-07-22,LCYSRK50C,渤银理财理财有术系列晨夕盈50号固收日开理财产品C,3,长期,1.008024
2026-07-22,QTCG09001D,平安理财启元添利（90天持有）1号固收类理财产品D,3,最短持有90天,1.0838
2026-07-22,LWCG02801F,平安理财灵活成长汇稳28天持有固收类理财产品F,3,最短持有28天,1.062
2026-07-22,LWCG01401G,平安理财灵活成长汇稳日开14天持有1号固收类理财产品G,3,最短持有14天,1.0512
2026-07-22,FLJZQC3001,法巴农银理财珐琅金固收增强30天最短持有期1号理财产品,3,最短持有30天,1.042847
2026-07-22,FLJYXC6001,法巴农银理财珐琅金策略优选60天最短持有期1号理财产品,3,最短持有60天,1.027934
2026-07-22,FLQGSC9001,法巴农银理财珐琅青固定收益类90天最短持有期1号理财产品,3,最短持有90天,1.045318
2026-07-22,ZNZQCY050,汇华理财趋势指南一个月最短持有固收类理财产品050期,4,最短持有30天,1.0159
2026-07-23,TC3X00100N,平安理财-天天成长3号现金管理类人民币净值型理财产品N,2,长期,1.0
2026-07-23,QTCG03002E,平安理财启元添利（30天持有）2号固收类理财产品E,3,最短持有30天,1.0615
2026-07-23,LWCG00702B,平安理财灵活成长汇稳日开7天持有2号固收类理财产品B,3,最短持有7天,1.0371
2026-07-23,PY2HCY010,汇华理财-时间朋友美元六个月持有固收类理财产品010期,3,最短持有180天,1.0122
2026-07-23,LCYSRK16C,渤银理财理财有术系列晨夕盈16 号固收日开理财产品,3,长期,1.019306
2026-07-23,LCYSRK18A,渤银理财理财有术系列晨夕盈18 号固收日开理财产品,3,长期,1.024088
2026-07-23,LCYS7CY02A,渤银理财理财有术系列持盈7天最短持有期固收理财产品2号,3,最短持有7天,1.037921
2026-07-23,LC180CYZ2C,渤银理财理财有术持盈增利180天最短持有期固收2号理财产品C,3,最短持有180天,1.025232
2026-07-23,LC365CY01D,渤银理财理财有术持盈365天最短持有期固收1号理财产品D,3,最短持有365天,1.046139
2026-07-23,YCYDTJY03H,渤银理财银储有道系列添金盈现金管理理财3号,2,长期,1.0
2026-07-23,LCYSRK50C,渤银理财理财有术系列晨夕盈50号固收日开理财产品C,3,长期,1.008124
2026-07-23,QTCG09001D,平安理财启元添利（90天持有）1号固收类理财产品D,3,最短持有90天,1.0839
2026-07-23,LWCG02801F,平安理财灵活成长汇稳28天持有固收类理财产品F,3,最短持有28天,1.062
2026-07-23,LWCG01401G,平安理财灵活成长汇稳日开14天持有1号固收类理财产品G,3,最短持有14天,1.0512
2026-07-23,FLJZQC3001,法巴农银理财珐琅金固收增强30天最短持有期1号理财产品,3,最短持有30天,1.043026
2026-07-23,FLJYXC6001,法巴农银理财珐琅金策略优选60天最短持有期1号理财产品,3,最短持有60天,1.027945
2026-07-23,FLQGSC9001,法巴农银理财珐琅青固定收益类90天最短持有期1号理财产品,3,最短持有90天,1.045371
2026-07-23,ZNZQCY050,汇华理财趋势指南一个月最短持有固收类理财产品050期,4,最短持有30天,1.0161
2026-07-24,QTCG03002E,平安理财启元添利（30天持有）2号固收类理财产品E,3,最短持有30天,1.0615
2026-07-24,LWCG00702B,平安理财灵活成长汇稳日开7天持有2号固收类理财产品B,3,最短持有7天,1.0371
2026-07-24,FLZHHC3001,法巴农银理财珐琅紫混合类30天最短持有期1号理财产品,4,最短持有30天,1.0
2026-07-24,PY2HCY010,汇华理财-时间朋友美元六个月持有固收类理财产品010期,3,最短持有180天,1.0123
2026-07-24,LCYSRK16C,渤银理财理财有术系列晨夕盈16 号固收日开理财产品,3,长期,1.019349
2026-07-24,LCYSRK18A,渤银理财理财有术系列晨夕盈18 号固收日开理财产品,3,长期,1.024128
2026-07-24,LCYS7CY02A,渤银理财理财有术系列持盈7天最短持有期固收理财产品2号,3,最短持有7天,1.037969
2026-07-24,LC180CYZ2C,渤银理财理财有术持盈增利180天最短持有期固收2号理财产品C,3,最短持有180天,1.025162
2026-07-24,LC365CY01D,渤银理财理财有术持盈365天最短持有期固收1号理财产品D,3,最短持有365天,1.045804
2026-07-24,LCYSRK50C,渤银理财理财有术系列晨夕盈50号固收日开理财产品C,3,长期,1.008212
2026-07-24,QTCG09001D,平安理财启元添利（90天持有）1号固收类理财产品D,3,最短持有90天,1.084
2026-07-24,LWCG02801F,平安理财灵活成长汇稳28天持有固收类理财产品F,3,最短持有28天,1.0621
2026-07-24,LWCG01401G,平安理财灵活成长汇稳日开14天持有1号固收类理财产品G,3,最短持有14天,1.0513
2026-07-24,FLJZQC3001,法巴农银理财珐琅金固收增强30天最短持有期1号理财产品,3,最短持有30天,1.041258
2026-07-24,FLJYXC6001,法巴农银理财珐琅金策略优选60天最短持有期1号理财产品,3,最短持有60天,1.028248
2026-07-24,FLQGSC9001,法巴农银理财珐琅青固定收益类90天最短持有期1号理财产品,3,最短持有90天,1.045401
2026-07-24,ZNZQCY050,汇华理财趋势指南一个月最短持有固收类理财产品050期,4,最短持有30天,1.015
2026-07-26,TC3X00100N,平安理财-天天成长3号现金管理类人民币净值型理财产品N,2,长期,1.0
2026-07-26,YCYDTJY03H,渤银理财银储有道系列添金盈现金管理理财3号,2,长期,1.0
2026-07-27,TC3X00100N,平安理财-天天成长3号现金管理类人民币净值型理财产品N,2,长期,1.0
2026-07-27,QTCG03002E,平安理财启元添利（30天持有）2号固收类理财产品E,3,最短持有30天,1.0616
2026-07-27,LWCG00702B,平安理财灵活成长汇稳日开7天持有2号固收类理财产品B,3,最短持有7天,1.0372
2026-07-27,PY2HCY010,汇华理财-时间朋友美元六个月持有固收类理财产品010期,3,最短持有180天,1.0125
2026-07-27,LCYSRK16C,渤银理财理财有术系列晨夕盈16 号固收日开理财产品,3,长期,1.019486
2026-07-27,LCYSRK18A,渤银理财理财有术系列晨夕盈18 号固收日开理财产品,3,长期,1.024246
2026-07-27,LCYS7CY02A,渤银理财理财有术系列持盈7天最短持有期固收理财产品2号,3,最短持有7天,1.038058
2026-07-27,LC180CYZ2C,渤银理财理财有术持盈增利180天最短持有期固收2号理财产品C,3,最短持有180天,1.025177
2026-07-27,LC365CY01D,渤银理财理财有术持盈365天最短持有期固收1号理财产品D,3,最短持有365天,1.046329
2026-07-27,YCYDTJY03H,渤银理财银储有道系列添金盈现金管理理财3号,2,长期,1.0
2026-07-27,LCYSRK50C,渤银理财理财有术系列晨夕盈50号固收日开理财产品C,3,长期,1.008381
2026-07-27,QTCG09001D,平安理财启元添利（90天持有）1号固收类理财产品D,3,最短持有90天,1.084
2026-07-27,LWCG02801F,平安理财灵活成长汇稳28天持有固收类理财产品F,3,最短持有28天,1.0622
2026-07-27,LWCG01401G,平安理财灵活成长汇稳日开14天持有1号固收类理财产品G,3,最短持有14天,1.0514
2026-07-27,FLJZQC3001,法巴农银理财珐琅金固收增强30天最短持有期1号理财产品,3,最短持有30天,1.041845
2026-07-27,FLJYXC6001,法巴农银理财珐琅金策略优选60天最短持有期1号理财产品,3,最短持有60天,1.028466
2026-07-27,FLQGSC9001,法巴农银理财珐琅青固定收益类90天最短持有期1号理财产品,3,最短持有90天,1.045483
2026-07-27,FLZHHC3001,法巴农银理财珐琅紫混合类30天最短持有期1号理财产品,4,最短持有30天,1.0
2026-07-27,ZNZQCY050,汇华理财趋势指南一个月最短持有固收类理财产品050期,4,最短持有30天,1.0156
2026-07-28,TC3X00100N,平安理财-天天成长3号现金管理类人民币净值型理财产品N,2,长期,1.0
2026-07-28,QTCG03002E,平安理财启元添利（30天持有）2号固收类理财产品E,3,最短持有30天,1.0617
2026-07-28,LWCG00702B,平安理财灵活成长汇稳日开7天持有2号固收类理财产品B,3,最短持有7天,1.0373
2026-07-28,PY2HCY010,汇华理财-时间朋友美元六个月持有固收类理财产品010期,3,最短持有180天,1.0126
2026-07-28,LCYSRK16C,渤银理财理财有术系列晨夕盈16 号固收日开理财产品,3,长期,1.019535
2026-07-28,LCYSRK18A,渤银理财理财有术系列晨夕盈18 号固收日开理财产品,3,长期,1.024299
2026-07-28,LCYS7CY02A,渤银理财理财有术系列持盈7天最短持有期固收理财产品2号,3,最短持有7天,1.038104
2026-07-28,LC180CYZ2C,渤银理财理财有术持盈增利180天最短持有期固收2号理财产品C,3,最短持有180天,1.025117
2026-07-28,LC365CY01D,渤银理财理财有术持盈365天最短持有期固收1号理财产品D,3,最短持有365天,1.045543
2026-07-28,YCYDTJY03H,渤银理财银储有道系列添金盈现金管理理财3号,2,长期,1.0
2026-07-28,LCYSRK50C,渤银理财理财有术系列晨夕盈50号固收日开理财产品C,3,长期,1.008485
2026-07-28,QTCG09001D,平安理财启元添利（90天持有）1号固收类理财产品D,3,最短持有90天,1.0841
2026-07-28,LWCG02801F,平安理财灵活成长汇稳28天持有固收类理财产品F,3,最短持有28天,1.0623
2026-07-28,LWCG01401G,平安理财灵活成长汇稳日开14天持有1号固收类理财产品G,3,最短持有14天,1.0515
2026-07-28,FLJZQC3001,法巴农银理财珐琅金固收增强30天最短持有期1号理财产品,3,最短持有30天,1.041405
2026-07-28,FLJYXC6001,法巴农银理财珐琅金策略优选60天最短持有期1号理财产品,3,最短持有60天,1.028463
2026-07-28,FLQGSC9001,法巴农银理财珐琅青固定收益类90天最短持有期1号理财产品,3,最短持有90天,1.045521
2026-07-28,FLZHHC3001,法巴农银理财珐琅紫混合类30天最短持有期1号理财产品,4,最短持有30天,0.998128
2026-07-28,ZNZQCY050,汇华理财趋势指南一个月最短持有固收类理财产品050期,4,最短持有30天,1.0158
2026-07-29,TC3X00100N,平安理财-天天成长3号现金管理类人民币净值型理财产品N,2,长期,1.0
2026-07-29,QTCG03002E,平安理财启元添利（30天持有）2号固收类理财产品E,3,最短持有30天,1.0616
2026-07-29,LWCG00702B,平安理财灵活成长汇稳日开7天持有2号固收类理财产品B,3,最短持有7天,1.0373
2026-07-29,PY2HCY010,汇华理财-时间朋友美元六个月持有固收类理财产品010期,3,最短持有180天,1.0127
2026-07-29,LCYSRK16C,渤银理财理财有术系列晨夕盈16 号固收日开理财产品,3,长期,1.019565
2026-07-29,LCYSRK18A,渤银理财理财有术系列晨夕盈18 号固收日开理财产品,3,长期,1.024316
2026-07-29,LCYS7CY02A,渤银理财理财有术系列持盈7天最短持有期固收理财产品2号,3,最短持有7天,1.038133
2026-07-29,LC180CYZ2C,渤银理财理财有术持盈增利180天最短持有期固收2号理财产品C,3,最短持有180天,1.025012
2026-07-29,LC365CY01D,渤银理财理财有术持盈365天最短持有期固收1号理财产品D,3,最短持有365天,1.045591
2026-07-29,YCYDTJY03H,渤银理财银储有道系列添金盈现金管理理财3号,2,长期,1.0
2026-07-29,LCYSRK50C,渤银理财理财有术系列晨夕盈50号固收日开理财产品C,3,长期,1.00858
2026-07-29,QTCG09001D,平安理财启元添利（90天持有）1号固收类理财产品D,3,最短持有90天,1.0839
2026-07-29,LWCG02801F,平安理财灵活成长汇稳28天持有固收类理财产品F,3,最短持有28天,1.0623
2026-07-29,LWCG01401G,平安理财灵活成长汇稳日开14天持有1号固收类理财产品G,3,最短持有14天,1.0515
2026-07-29,FLJZQC3001,法巴农银理财珐琅金固收增强30天最短持有期1号理财产品,3,最短持有30天,1.04158
2026-07-29,FLJYXC6001,法巴农银理财珐琅金策略优选60天最短持有期1号理财产品,3,最短持有60天,1.029012
2026-07-29,FLQGSC9001,法巴农银理财珐琅青固定收益类90天最短持有期1号理财产品,3,最短持有90天,1.045528
2026-07-29,FLZHHC3001,法巴农银理财珐琅紫混合类30天最短持有期1号理财产品,4,最短持有30天,0.996238
2026-07-29,ZNZQCY050,汇华理财趋势指南一个月最短持有固收类理财产品050期,4,最短持有30天,1.0162
2026-07-30,TC3X00100N,平安理财-天天成长3号现金管理类人民币净值型理财产品N,2,长期,1.0
2026-07-30,QTCG03002E,平安理财启元添利（30天持有）2号固收类理财产品E,3,最短持有30天,1.0616
2026-07-30,LWCG00702B,平安理财灵活成长汇稳日开7天持有2号固收类理财产品B,3,最短持有7天,1.0373
2026-07-30,PY2HCY010,汇华理财-时间朋友美元六个月持有固收类理财产品010期,3,最短持有180天,1.0128
2026-07-30,LCYSRK16C,渤银理财理财有术系列晨夕盈16 号固收日开理财产品,3,长期,1.019613
2026-07-30,LCYSRK18A,渤银理财理财有术系列晨夕盈18 号固收日开理财产品,3,长期,1.024362
2026-07-30,LCYS7CY02A,渤银理财理财有术系列持盈7天最短持有期固收理财产品2号,3,最短持有7天,1.038165
2026-07-30,LC180CYZ2C,渤银理财理财有术持盈增利180天最短持有期固收2号理财产品C,3,最短持有180天,1.025042
2026-07-30,LC365CY01D,渤银理财理财有术持盈365天最短持有期固收1号理财产品D,3,最短持有365天,1.04497
2026-07-30,YCYDTJY03H,渤银理财银储有道系列添金盈现金管理理财3号,2,长期,1.0
2026-07-30,LCYSRK50C,渤银理财理财有术系列晨夕盈50号固收日开理财产品C,3,长期,1.008672
2026-07-30,QTCG09001D,平安理财启元添利（90天持有）1号固收类理财产品D,3,最短持有90天,1.084
2026-07-30,LWCG02801F,平安理财灵活成长汇稳28天持有固收类理财产品F,3,最短持有28天,1.0623
2026-07-30,LWCG01401G,平安理财灵活成长汇稳日开14天持有1号固收类理财产品G,3,最短持有14天,1.0516
2026-07-30,FLJZQC3001,法巴农银理财珐琅金固收增强30天最短持有期1号理财产品,3,最短持有30天,1.040597
2026-07-30,FLJYXC6001,法巴农银理财珐琅金策略优选60天最短持有期1号理财产品,3,最短持有60天,1.029033
2026-07-30,FLQGSC9001,法巴农银理财珐琅青固定收益类90天最短持有期1号理财产品,3,最短持有90天,1.045576
2026-07-30,FLZHHC3001,法巴农银理财珐琅紫混合类30天最短持有期1号理财产品,4,最短持有30天,0.994348
2026-07-30,ZNZQCY050,汇华理财趋势指南一个月最短持有固收类理财产品050期,4,最短持有30天,1.0152
2026-07-31,QTCG03002E,平安理财启元添利（30天持有）2号固收类理财产品E,3,最短持有30天,1.0616
2026-07-31,LWCG00702B,平安理财灵活成长汇稳日开7天持有2号固收类理财产品B,3,最短持有7天,1.0373
2026-07-31,PY2HCY010,汇华理财-时间朋友美元六个月持有固收类理财产品010期,3,最短持有180天,1.0129
2026-07-31,LCYSRK16C,渤银理财理财有术系列晨夕盈16 号固收日开理财产品,3,长期,1.019659
2026-07-31,LCYSRK18A,渤银理财理财有术系列晨夕盈18 号固收日开理财产品,3,长期,1.0244
2026-07-31,LCYS7CY02A,渤银理财理财有术系列持盈7天最短持有期固收理财产品2号,3,最短持有7天,1.038231
2026-07-31,LC180CYZ2C,渤银理财理财有术持盈增利180天最短持有期固收2号理财产品C,3,最短持有180天,1.025139
2026-07-31,LC365CY01D,渤银理财理财有术持盈365天最短持有期固收1号理财产品D,3,最短持有365天,1.045438
2026-07-31,LCYSRK50C,渤银理财理财有术系列晨夕盈50号固收日开理财产品C,3,长期,1.008764
2026-07-31,QTCG09001D,平安理财启元添利（90天持有）1号固收类理财产品D,3,最短持有90天,1.084
2026-07-31,LWCG02801F,平安理财灵活成长汇稳28天持有固收类理财产品F,3,最短持有28天,1.0623
2026-07-31,LWCG01401G,平安理财灵活成长汇稳日开14天持有1号固收类理财产品G,3,最短持有14天,1.0516
2026-07-31,FLJZQC3001,法巴农银理财珐琅金固收增强30天最短持有期1号理财产品,3,最短持有30天,1.041689
2026-07-31,FLJYXC6001,法巴农银理财珐琅金策略优选60天最短持有期1号理财产品,3,最短持有60天,1.029065
2026-07-31,FLQGSC9001,法巴农银理财珐琅青固定收益类90天最短持有期1号理财产品,3,最短持有90天,1.045631
2026-07-31,FLZHHC3001,法巴农银理财珐琅紫混合类30天最短持有期1号理财产品,4,最短持有30天,0.994458
2026-07-31,ZNZQCY050,汇华理财趋势指南一个月最短持有固收类理财产品050期,4,最短持有30天,1.0154
2026-08-02,TC3X00100N,平安理财-天天成长3号现金管理类人民币净值型理财产品N,2,长期,1.0
2026-08-02,YCYDTJY03H,渤银理财银储有道系列添金盈现金管理理财3号,2,长期,1.0
2026-08-03,TC3X00100N,平安理财-天天成长3号现金管理类人民币净值型理财产品N,2,长期,1.0
2026-08-03,QTCG03002E,平安理财启元添利（30天持有）2号固收类理财产品E,3,最短持有30天,1.0618
2026-08-03,LWCG00702B,平安理财灵活成长汇稳日开7天持有2号固收类理财产品B,3,最短持有7天,1.0374
2026-08-03,PY2HCY010,汇华理财-时间朋友美元六个月持有固收类理财产品010期,3,最短持有180天,1.0131
2026-08-03,LCYSRK16C,渤银理财理财有术系列晨夕盈16 号固收日开理财产品,3,长期,1.019814
2026-08-03,LCYSRK18A,渤银理财理财有术系列晨夕盈18 号固收日开理财产品,3,长期,1.024528
2026-08-03,LCYS7CY02A,渤银理财理财有术系列持盈7天最短持有期固收理财产品2号,3,最短持有7天,1.038331
2026-08-03,LC180CYZ2C,渤银理财理财有术持盈增利180天最短持有期固收2号理财产品C,3,最短持有180天,1.025241
2026-08-03,LC365CY01D,渤银理财理财有术持盈365天最短持有期固收1号理财产品D,3,最短持有365天,1.045523
2026-08-03,YCYDTJY03H,渤银理财银储有道系列添金盈现金管理理财3号,2,长期,1.0
2026-08-03,LCYSRK50C,渤银理财理财有术系列晨夕盈50号固收日开理财产品C,3,长期,1.008941
2026-08-03,QTCG09001D,平安理财启元添利（90天持有）1号固收类理财产品D,3,最短持有90天,1.0842
2026-08-03,LWCG02801F,平安理财灵活成长汇稳28天持有固收类理财产品F,3,最短持有28天,1.0625
2026-08-03,LWCG01401G,平安理财灵活成长汇稳日开14天持有1号固收类理财产品G,3,最短持有14天,1.0517
2026-08-03,FLJZQC3001,法巴农银理财珐琅金固收增强30天最短持有期1号理财产品,3,最短持有30天,1.042159
2026-08-03,FLJYXC6001,法巴农银理财珐琅金策略优选60天最短持有期1号理财产品,3,最短持有60天,1.029385
2026-08-03,FLQGSC9001,法巴农银理财珐琅青固定收益类90天最短持有期1号理财产品,3,最短持有90天,1.045752
2026-08-03,FLZHHC3001,法巴农银理财珐琅紫混合类30天最短持有期1号理财产品,4,最短持有30天,0.993898
2026-08-04,TC3X00100N,平安理财-天天成长3号现金管理类人民币净值型理财产品N,2,长期,1.0
2026-08-04,QTCG03002E,平安理财启元添利（30天持有）2号固收类理财产品E,3,最短持有30天,1.0618
2026-08-04,LWCG00702B,平安理财灵活成长汇稳日开7天持有2号固收类理财产品B,3,最短持有7天,1.0375
2026-08-04,PY2HCY010,汇华理财-时间朋友美元六个月持有固收类理财产品010期,3,最短持有180天,1.0132
2026-08-04,LCYSRK16C,渤银理财理财有术系列晨夕盈16 号固收日开理财产品,3,长期,1.019871
2026-08-04,LCYSRK18A,渤银理财理财有术系列晨夕盈18 号固收日开理财产品,3,长期,1.024591
2026-08-04,LCYS7CY02A,渤银理财理财有术系列持盈7天最短持有期固收理财产品2号,3,最短持有7天,1.038415
2026-08-04,LC180CYZ2C,渤银理财理财有术持盈增利180天最短持有期固收2号理财产品C,3,最短持有180天,1.025267
2026-08-04,LC365CY01D,渤银理财理财有术持盈365天最短持有期固收1号理财产品D,3,最短持有365天,1.045746
2026-08-04,YCYDTJY03H,渤银理财银储有道系列添金盈现金管理理财3号,2,长期,1.0
2026-08-04,LCYSRK50C,渤银理财理财有术系列晨夕盈50号固收日开理财产品C,3,长期,1.009021
2026-08-04,QTCG09001D,平安理财启元添利（90天持有）1号固收类理财产品D,3,最短持有90天,1.0842
2026-08-04,LWCG02801F,平安理财灵活成长汇稳28天持有固收类理财产品F,3,最短持有28天,1.0625
2026-08-04,LWCG01401G,平安理财灵活成长汇稳日开14天持有1号固收类理财产品G,3,最短持有14天,1.0518
2026-08-04,FLJZQC3001,法巴农银理财珐琅金固收增强30天最短持有期1号理财产品,3,最短持有30天,1.042234
2026-08-04,FLJYXC6001,法巴农银理财珐琅金策略优选60天最短持有期1号理财产品,3,最短持有60天,1.029385
2026-08-04,FLQGSC9001,法巴农银理财珐琅青固定收益类90天最短持有期1号理财产品,3,最短持有90天,1.045798
2026-08-04,FLZHHC3001,法巴农银理财珐琅紫混合类30天最短持有期1号理财产品,4,最短持有30天,0.994272
2026-08-04,ZNZQCY050,汇华理财趋势指南一个月最短持有固收类理财产品050期,4,最短持有30天,1.0158
2026-08-05,TC3X00100N,平安理财-天天成长3号现金管理类人民币净值型理财产品N,2,长期,1.0
2026-08-05,QTCG03002E,平安理财启元添利（30天持有）2号固收类理财产品E,3,最短持有30天,1.0619
2026-08-05,LWCG00702B,平安理财灵活成长汇稳日开7天持有2号固收类理财产品B,3,最短持有7天,1.0376
2026-08-05,PY2HCY010,汇华理财-时间朋友美元六个月持有固收类理财产品010期,3,最短持有180天,1.0133
2026-08-05,LCYSRK16C,渤银理财理财有术系列晨夕盈16 号固收日开理财产品,3,长期,1.019948
2026-08-05,LCYSRK18A,渤银理财理财有术系列晨夕盈18 号固收日开理财产品,3,长期,1.024647
2026-08-05,LCYS7CY02A,渤银理财理财有术系列持盈7天最短持有期固收理财产品2号,3,最短持有7天,1.038468
2026-08-05,LC180CYZ2C,渤银理财理财有术持盈增利180天最短持有期固收2号理财产品C,3,最短持有180天,1.025386
2026-08-05,LC365CY01D,渤银理财理财有术持盈365天最短持有期固收1号理财产品D,3,最短持有365天,1.046122
2026-08-05,YCYDTJY03H,渤银理财银储有道系列添金盈现金管理理财3号,2,长期,1.0
2026-08-05,LCYSRK50C,渤银理财理财有术系列晨夕盈50号固收日开理财产品C,3,长期,1.009107
2026-08-05,QTCG09001D,平安理财启元添利（90天持有）1号固收类理财产品D,3,最短持有90天,1.0843
2026-08-05,LWCG02801F,平安理财灵活成长汇稳28天持有固收类理财产品F,3,最短持有28天,1.0626
2026-08-05,LWCG01401G,平安理财灵活成长汇稳日开14天持有1号固收类理财产品G,3,最短持有14天,1.0518
2026-08-05,FLJZQC3001,法巴农银理财珐琅金固收增强30天最短持有期1号理财产品,3,最短持有30天,1.0455
2026-08-05,FLJYXC6001,法巴农银理财珐琅金策略优选60天最短持有期1号理财产品,3,最短持有60天,1.029631
2026-08-05,FLQGSC9001,法巴农银理财珐琅青固定收益类90天最短持有期1号理财产品,3,最短持有90天,1.045876
2026-08-05,FLZHHC3001,法巴农银理财珐琅紫混合类30天最短持有期1号理财产品,4,最短持有30天,0.994139
2026-08-05,ZNZQCY050,汇华理财趋势指南一个月最短持有固收类理财产品050期,4,最短持有30天,1.0175
2026-08-06,TC3X00100N,平安理财-天天成长3号现金管理类人民币净值型理财产品N,2,长期,1.0
2026-08-06,QTCG03002E,平安理财启元添利（30天持有）2号固收类理财产品E,3,最短持有30天,1.0621
2026-08-06,LWCG00702B,平安理财灵活成长汇稳日开7天持有2号固收类理财产品B,3,最短持有7天,1.0377
2026-08-06,PY2HCY010,汇华理财-时间朋友美元六个月持有固收类理财产品010期,3,最短持有180天,1.0134
2026-08-06,LCYSRK16C,渤银理财理财有术系列晨夕盈16 号固收日开理财产品,3,长期,1.020003
2026-08-06,LCYSRK18A,渤银理财理财有术系列晨夕盈18 号固收日开理财产品,3,长期,1.024699
2026-08-06,LCYS7CY02A,渤银理财理财有术系列持盈7天最短持有期固收理财产品2号,3,最短持有7天,1.038512
2026-08-06,LC180CYZ2C,渤银理财理财有术持盈增利180天最短持有期固收2号理财产品C,3,最短持有180天,1.025413
2026-08-06,LC365CY01D,渤银理财理财有术持盈365天最短持有期固收1号理财产品D,3,最短持有365天,1.04633
2026-08-06,YCYDTJY03H,渤银理财银储有道系列添金盈现金管理理财3号,2,长期,1.0
2026-08-06,LCYSRK50C,渤银理财理财有术系列晨夕盈50号固收日开理财产品C,3,长期,1.009182
2026-08-06,QTCG09001D,平安理财启元添利（90天持有）1号固收类理财产品D,3,最短持有90天,1.0845
2026-08-06,LWCG02801F,平安理财灵活成长汇稳28天持有固收类理财产品F,3,最短持有28天,1.0626
2026-08-06,LWCG01401G,平安理财灵活成长汇稳日开14天持有1号固收类理财产品G,3,最短持有14天,1.0519
2026-08-06,FLJZQC3001,法巴农银理财珐琅金固收增强30天最短持有期1号理财产品,3,最短持有30天,1.046444
2026-08-06,FLJYXC6001,法巴农银理财珐琅金策略优选60天最短持有期1号理财产品,3,最短持有60天,1.029628
2026-08-06,FLQGSC9001,法巴农银理财珐琅青固定收益类90天最短持有期1号理财产品,3,最短持有90天,1.045934
2026-08-06,FLZHHC3001,法巴农银理财珐琅紫混合类30天最短持有期1号理财产品,4,最短持有30天,0.99412
2026-08-06,ZNZQCY050,汇华理财趋势指南一个月最短持有固收类理财产品050期,4,最短持有30天,1.0177
2026-08-07,QTCG03002E,平安理财启元添利（30天持有）2号固收类理财产品E,3,最短持有30天,1.0621
2026-08-07,LWCG00702B,平安理财灵活成长汇稳日开7天持有2号固收类理财产品B,3,最短持有7天,1.0377
2026-08-07,PY2HCY010,汇华理财-时间朋友美元六个月持有固收类理财产品010期,3,最短持有180天,1.0135
2026-08-07,LCYSRK16C,渤银理财理财有术系列晨夕盈16 号固收日开理财产品,3,长期,1.020075
2026-08-07,LCYSRK18A,渤银理财理财有术系列晨夕盈18 号固收日开理财产品,3,长期,1.024762
2026-08-07,LCYS7CY02A,渤银理财理财有术系列持盈7天最短持有期固收理财产品2号,3,最短持有7天,1.03858
2026-08-07,LC180CYZ2C,渤银理财理财有术持盈增利180天最短持有期固收2号理财产品C,3,最短持有180天,1.025554
2026-08-07,LC365CY01D,渤银理财理财有术持盈365天最短持有期固收1号理财产品D,3,最短持有365天,1.04649
2026-08-07,LCYSRK50C,渤银理财理财有术系列晨夕盈50号固收日开理财产品C,3,长期,1.009251
2026-08-07,QTCG09001D,平安理财启元添利（90天持有）1号固收类理财产品D,3,最短持有90天,1.0847
2026-08-07,LWCG02801F,平安理财灵活成长汇稳28天持有固收类理财产品F,3,最短持有28天,1.0627
2026-08-07,LWCG01401G,平安理财灵活成长汇稳日开14天持有1号固收类理财产品G,3,最短持有14天,1.0519
2026-08-07,FLJZQC3001,法巴农银理财珐琅金固收增强30天最短持有期1号理财产品,3,最短持有30天,1.046124
2026-08-07,FLJYXC6001,法巴农银理财珐琅金策略优选60天最短持有期1号理财产品,3,最短持有60天,1.029655
2026-08-07,FLQGSC9001,法巴农银理财珐琅青固定收益类90天最短持有期1号理财产品,3,最短持有90天,1.045991
2026-08-07,FLZHHC3001,法巴农银理财珐琅紫混合类30天最短持有期1号理财产品,4,最短持有30天,0.996688
2026-08-07,ZNZQCY050,汇华理财趋势指南一个月最短持有固收类理财产品050期,4,最短持有30天,1.0176
2026-08-09,TC3X00100N,平安理财-天天成长3号现金管理类人民币净值型理财产品N,2,长期,1.0
2026-08-09,YCYDTJY03H,渤银理财银储有道系列添金盈现金管理理财3号,2,长期,1.0
2026-08-10,TC3X00100N,平安理财-天天成长3号现金管理类人民币净值型理财产品N,2,长期,1.0
2026-08-10,QTCG03002E,平安理财启元添利（30天持有）2号固收类理财产品E,3,最短持有30天,1.0623
2026-08-10,LWCG00702B,平安理财灵活成长汇稳日开7天持有2号固收类理财产品B,3,最短持有7天,1.0378
2026-08-10,PY2HCY010,汇华理财-时间朋友美元六个月持有固收类理财产品010期,3,最短持有180天,1.0137
2026-08-10,LCYSRK16C,渤银理财理财有术系列晨夕盈16 号固收日开理财产品,3,长期,1.020232
2026-08-10,LCYSRK18A,渤银理财理财有术系列晨夕盈18 号固收日开理财产品,3,长期,1.024902
2026-08-10,LCYS7CY02A,渤银理财理财有术系列持盈7天最短持有期固收理财产品2号,3,最短持有7天,1.038697
2026-08-10,LC180CYZ2C,渤银理财理财有术持盈增利180天最短持有期固收2号理财产品C,3,最短持有180天,1.025721
2026-08-10,LC365CY01D,渤银理财理财有术持盈365天最短持有期固收1号理财产品D,3,最短持有365天,1.04667
2026-08-10,YCYDTJY03H,渤银理财银储有道系列添金盈现金管理理财3号,2,长期,1.0
2026-08-10,LCYSRK50C,渤银理财理财有术系列晨夕盈50号固收日开理财产品C,3,长期,1.009418
2026-08-10,QTCG09001D,平安理财启元添利（90天持有）1号固收类理财产品D,3,最短持有90天,1.085
2026-08-10,LWCG02801F,平安理财灵活成长汇稳28天持有固收类理财产品F,3,最短持有28天,1.0628
2026-08-10,LWCG01401G,平安理财灵活成长汇稳日开14天持有1号固收类理财产品G,3,最短持有14天,1.0521
2026-08-10,FLJZQC3001,法巴农银理财珐琅金固收增强30天最短持有期1号理财产品,3,最短持有30天,1.046962
2026-08-10,FLJYXC6001,法巴农银理财珐琅金策略优选60天最短持有期1号理财产品,3,最短持有60天,1.029702
2026-08-10,FLQGSC9001,法巴农银理财珐琅青固定收益类90天最短持有期1号理财产品,3,最短持有90天,1.046136
2026-08-10,FLZHHC3001,法巴农银理财珐琅紫混合类30天最短持有期1号理财产品,4,最短持有30天,0.995138
2026-08-11,TC3X00100N,平安理财-天天成长3号现金管理类人民币净值型理财产品N,2,长期,1.0
2026-08-11,QTCG03002E,平安理财启元添利（30天持有）2号固收类理财产品E,3,最短持有30天,1.0624
2026-08-11,LWCG00702B,平安理财灵活成长汇稳日开7天持有2号固收类理财产品B,3,最短持有7天,1.0378
2026-08-11,PY2HCY010,汇华理财-时间朋友美元六个月持有固收类理财产品010期,3,最短持有180天,1.0138
2026-08-11,LCYSRK16C,渤银理财理财有术系列晨夕盈16 号固收日开理财产品,3,长期,1.020297
2026-08-11,LCYSRK18A,渤银理财理财有术系列晨夕盈18 号固收日开理财产品,3,长期,1.024972
2026-08-11,LCYS7CY02A,渤银理财理财有术系列持盈7天最短持有期固收理财产品2号,3,最短持有7天,1.038806
2026-08-11,LC180CYZ2C,渤银理财理财有术持盈增利180天最短持有期固收2号理财产品C,3,最短持有180天,1.025801
2026-08-11,LC365CY01D,渤银理财理财有术持盈365天最短持有期固收1号理财产品D,3,最短持有365天,1.046713
2026-08-11,YCYDTJY03H,渤银理财银储有道系列添金盈现金管理理财3号,2,长期,1.0
2026-08-11,LCYSRK50C,渤银理财理财有术系列晨夕盈50号固收日开理财产品C,3,长期,1.009518
2026-08-11,QTCG09001D,平安理财启元添利（90天持有）1号固收类理财产品D,3,最短持有90天,1.0851
2026-08-11,LWCG02801F,平安理财灵活成长汇稳28天持有固收类理财产品F,3,最短持有28天,1.0628
2026-08-11,LWCG01401G,平安理财灵活成长汇稳日开14天持有1号固收类理财产品G,3,最短持有14天,1.0521
2026-08-11,FLJZQC3001,法巴农银理财珐琅金固收增强30天最短持有期1号理财产品,3,最短持有30天,1.047001
2026-08-11,FLJYXC6001,法巴农银理财珐琅金策略优选60天最短持有期1号理财产品,3,最短持有60天,1.029915
2026-08-11,FLQGSC9001,法巴农银理财珐琅青固定收益类90天最短持有期1号理财产品,3,最短持有90天,1.046176
2026-08-11,FLZHHC3001,法巴农银理财珐琅紫混合类30天最短持有期1号理财产品,4,最短持有30天,0.995772
2026-08-11,ZNZQCY050,汇华理财趋势指南一个月最短持有固收类理财产品050期,4,最短持有30天,1.0181
2026-08-12,TC3X00100N,平安理财-天天成长3号现金管理类人民币净值型理财产品N,2,长期,1.0
2026-08-12,QTCG03002E,平安理财启元添利（30天持有）2号固收类理财产品E,3,最短持有30天,1.0624
2026-08-12,LWCG00702B,平安理财灵活成长汇稳日开7天持有2号固收类理财产品B,3,最短持有7天,1.0379
2026-08-12,PY2HCY010,汇华理财-时间朋友美元六个月持有固收类理财产品010期,3,最短持有180天,1.0139
2026-08-12,LCYSRK16C,渤银理财理财有术系列晨夕盈16 号固收日开理财产品,3,长期,1.020349
2026-08-12,LCYSRK18A,渤银理财理财有术系列晨夕盈18 号固收日开理财产品,3,长期,1.025027
2026-08-12,LCYS7CY02A,渤银理财理财有术系列持盈7天最短持有期固收理财产品2号,3,最短持有7天,1.038872
2026-08-12,LC180CYZ2C,渤银理财理财有术持盈增利180天最短持有期固收2号理财产品C,3,最短持有180天,1.025794
2026-08-12,LC365CY01D,渤银理财理财有术持盈365天最短持有期固收1号理财产品D,3,最短持有365天,1.046904
2026-08-12,YCYDTJY03H,渤银理财银储有道系列添金盈现金管理理财3号,2,长期,1.0
2026-08-12,LCYSRK50C,渤银理财理财有术系列晨夕盈50号固收日开理财产品C,3,长期,1.009586
2026-08-12,QTCG09001D,平安理财启元添利（90天持有）1号固收类理财产品D,3,最短持有90天,1.0851
2026-08-12,LWCG02801F,平安理财灵活成长汇稳28天持有固收类理财产品F,3,最短持有28天,1.0629
2026-08-12,LWCG01401G,平安理财灵活成长汇稳日开14天持有1号固收类理财产品G,3,最短持有14天,1.0521
2026-08-12,FLJZQC3001,法巴农银理财珐琅金固收增强30天最短持有期1号理财产品,3,最短持有30天,1.046972
2026-08-12,FLJYXC6001,法巴农银理财珐琅金策略优选60天最短持有期1号理财产品,3,最短持有60天,1.030545
2026-08-12,FLQGSC9001,法巴农银理财珐琅青固定收益类90天最短持有期1号理财产品,3,最短持有90天,1.046232
2026-08-12,FLZHHC3001,法巴农银理财珐琅紫混合类30天最短持有期1号理财产品,4,最短持有30天,0.997492
2026-08-12,ZNZQCY050,汇华理财趋势指南一个月最短持有固收类理财产品050期,4,最短持有30天,1.0179
2026-08-13,TC3X00100N,平安理财-天天成长3号现金管理类人民币净值型理财产品N,2,长期,1.0
2026-08-13,QTCG03002E,平安理财启元添利（30天持有）2号固收类理财产品E,3,最短持有30天,1.0625
2026-08-13,LWCG00702B,平安理财灵活成长汇稳日开7天持有2号固收类理财产品B,3,最短持有7天,1.0379
2026-08-13,PY2HCY010,汇华理财-时间朋友美元六个月持有固收类理财产品010期,3,最短持有180天,1.0139
2026-08-13,LCYSRK16C,渤银理财理财有术系列晨夕盈16 号固收日开理财产品,3,长期,1.020419
2026-08-13,LCYSRK18A,渤银理财理财有术系列晨夕盈18 号固收日开理财产品,3,长期,1.025088
2026-08-13,LCYS7CY02A,渤银理财理财有术系列持盈7天最短持有期固收理财产品2号,3,最短持有7天,1.038931
2026-08-13,LC180CYZ2C,渤银理财理财有术持盈增利180天最短持有期固收2号理财产品C,3,最短持有180天,1.025818
2026-08-13,LC365CY01D,渤银理财理财有术持盈365天最短持有期固收1号理财产品D,3,最短持有365天,1.046979
2026-08-13,YCYDTJY03H,渤银理财银储有道系列添金盈现金管理理财3号,2,长期,1.0
2026-08-13,LCYSRK50C,渤银理财理财有术系列晨夕盈50号固收日开理财产品C,3,长期,1.00966
2026-08-13,QTCG09001D,平安理财启元添利（90天持有）1号固收类理财产品D,3,最短持有90天,1.0853
2026-08-13,LWCG02801F,平安理财灵活成长汇稳28天持有固收类理财产品F,3,最短持有28天,1.063
2026-08-13,LWCG01401G,平安理财灵活成长汇稳日开14天持有1号固收类理财产品G,3,最短持有14天,1.0522
2026-08-13,FLJZQC3001,法巴农银理财珐琅金固收增强30天最短持有期1号理财产品,3,最短持有30天,1.047447
2026-08-13,FLJYXC6001,法巴农银理财珐琅金策略优选60天最短持有期1号理财产品,3,最短持有60天,1.03054
2026-08-13,FLQGSC9001,法巴农银理财珐琅青固定收益类90天最短持有期1号理财产品,3,最短持有90天,1.046261
2026-08-13,FLZHHC3001,法巴农银理财珐琅紫混合类30天最短持有期1号理财产品,4,最短持有30天,0.997308
2026-08-13,ZNZQCY050,汇华理财趋势指南一个月最短持有固收类理财产品050期,4,最短持有30天,1.0181
2026-08-14,QTCG03002E,平安理财启元添利（30天持有）2号固收类理财产品E,3,最短持有30天,1.0625
2026-08-14,LWCG00702B,平安理财灵活成长汇稳日开7天持有2号固收类理财产品B,3,最短持有7天,1.038
2026-08-14,PY2HCY010,汇华理财-时间朋友美元六个月持有固收类理财产品010期,3,最短持有180天,1.014
2026-08-14,LCYSRK16C,渤银理财理财有术系列晨夕盈16 号固收日开理财产品,3,长期,1.020483
2026-08-14,LCYSRK18A,渤银理财理财有术系列晨夕盈18 号固收日开理财产品,3,长期,1.02515
2026-08-14,LCYS7CY02A,渤银理财理财有术系列持盈7天最短持有期固收理财产品2号,3,最短持有7天,1.039008
2026-08-14,LC180CYZ2C,渤银理财理财有术持盈增利180天最短持有期固收2号理财产品C,3,最短持有180天,1.025884
2026-08-14,LC365CY01D,渤银理财理财有术持盈365天最短持有期固收1号理财产品D,3,最短持有365天,1.047047
2026-08-14,LCYSRK50C,渤银理财理财有术系列晨夕盈50号固收日开理财产品C,3,长期,1.009766
2026-08-14,QTCG09001D,平安理财启元添利（90天持有）1号固收类理财产品D,3,最短持有90天,1.0853
2026-08-14,LWCG02801F,平安理财灵活成长汇稳28天持有固收类理财产品F,3,最短持有28天,1.063
2026-08-14,LWCG01401G,平安理财灵活成长汇稳日开14天持有1号固收类理财产品G,3,最短持有14天,1.0523
2026-08-14,FLJZQC3001,法巴农银理财珐琅金固收增强30天最短持有期1号理财产品,3,最短持有30天,1.048054
2026-08-14,FLJYXC6001,法巴农银理财珐琅金策略优选60天最短持有期1号理财产品,3,最短持有60天,1.030579
2026-08-14,FLQGSC9001,法巴农银理财珐琅青固定收益类90天最短持有期1号理财产品,3,最短持有90天,1.046333
2026-08-14,FLZHHC3001,法巴农银理财珐琅紫混合类30天最短持有期1号理财产品,4,最短持有30天,0.997343
2026-08-14,ZNZQCY050,汇华理财趋势指南一个月最短持有固收类理财产品050期,4,最短持有30天,1.0185
2026-08-16,TC3X00100N,平安理财-天天成长3号现金管理类人民币净值型理财产品N,2,长期,1.0
2026-08-16,YCYDTJY03H,渤银理财银储有道系列添金盈现金管理理财3号,2,长期,1.0
2026-08-17,TC3X00100N,平安理财-天天成长3号现金管理类人民币净值型理财产品N,2,长期,1.0
2026-08-17,QTCG03002E,平安理财启元添利（30天持有）2号固收类理财产品E,3,最短持有30天,1.0627
2026-08-17,LWCG00702B,平安理财灵活成长汇稳日开7天持有2号固收类理财产品B,3,最短持有7天,1.0381
2026-08-17,PY2HCY010,汇华理财-时间朋友美元六个月持有固收类理财产品010期,3,最短持有180天,1.0143
2026-08-17,LCYSRK16C,渤银理财理财有术系列晨夕盈16 号固收日开理财产品,3,长期,1.020647
2026-08-17,LCYSRK18A,渤银理财理财有术系列晨夕盈18 号固收日开理财产品,3,长期,1.025292
2026-08-17,LCYS7CY02A,渤银理财理财有术系列持盈7天最短持有期固收理财产品2号,3,最短持有7天,1.039117
2026-08-17,LC180CYZ2C,渤银理财理财有术持盈增利180天最短持有期固收2号理财产品C,3,最短持有180天,1.02606
2026-08-17,LC365CY01D,渤银理财理财有术持盈365天最短持有期固收1号理财产品D,3,最短持有365天,1.047378
2026-08-17,YCYDTJY03H,渤银理财银储有道系列添金盈现金管理理财3号,2,长期,1.0
2026-08-17,LCYSRK50C,渤银理财理财有术系列晨夕盈50号固收日开理财产品C,3,长期,1.009958
2026-08-17,QTCG09001D,平安理财启元添利（90天持有）1号固收类理财产品D,3,最短持有90天,1.0854
2026-08-17,LWCG02801F,平安理财灵活成长汇稳28天持有固收类理财产品F,3,最短持有28天,1.0631
2026-08-17,LWCG01401G,平安理财灵活成长汇稳日开14天持有1号固收类理财产品G,3,最短持有14天,1.0524
2026-08-17,FLJZQC3001,法巴农银理财珐琅金固收增强30天最短持有期1号理财产品,3,最短持有30天,1.048094
2026-08-17,FLJYXC6001,法巴农银理财珐琅金策略优选60天最短持有期1号理财产品,3,最短持有60天,1.030933
2026-08-17,FLQGSC9001,法巴农银理财珐琅青固定收益类90天最短持有期1号理财产品,3,最短持有90天,1.046452
2026-08-17,FLZHHC3001,法巴农银理财珐琅紫混合类30天最短持有期1号理财产品,4,最短持有30天,0.997287
2026-08-17,ZNZQCY050,汇华理财趋势指南一个月最短持有固收类理财产品050期,4,最短持有30天,1.0184
2026-08-18,TC3X00100N,平安理财-天天成长3号现金管理类人民币净值型理财产品N,2,长期,1.0
2026-08-18,QTCG03002E,平安理财启元添利（30天持有）2号固收类理财产品E,3,最短持有30天,1.0629
2026-08-18,LWCG00702B,平安理财灵活成长汇稳日开7天持有2号固收类理财产品B,3,最短持有7天,1.0381
2026-08-18,PY2HCY010,汇华理财-时间朋友美元六个月持有固收类理财产品010期,3,最短持有180天,1.0144
2026-08-18,LCYSRK16C,渤银理财理财有术系列晨夕盈16 号固收日开理财产品,3,长期,1.020743
2026-08-18,LCYSRK18A,渤银理财理财有术系列晨夕盈18 号固收日开理财产品,3,长期,1.025386
2026-08-18,LCYS7CY02A,渤银理财理财有术系列持盈7天最短持有期固收理财产品2号,3,最短持有7天,1.039214
2026-08-18,LC180CYZ2C,渤银理财理财有术持盈增利180天最短持有期固收2号理财产品C,3,最短持有180天,1.026255
2026-08-18,LC365CY01D,渤银理财理财有术持盈365天最短持有期固收1号理财产品D,3,最短持有365天,1.047604
2026-08-18,YCYDTJY03H,渤银理财银储有道系列添金盈现金管理理财3号,2,长期,1.0
2026-08-18,LCYSRK50C,渤银理财理财有术系列晨夕盈50号固收日开理财产品C,3,长期,1.010054
